legacy_path,library_group,merged_file,source_type,source_bytes,status_v98,note
baptists_v93/01-series-book-master-architecture.md,01_METHOD_AND_WORKFLOW,groups/01_METHOD_AND_WORKFLOW.md,md,48346,MERGED_FULL_TEXT_IN_GROUP_FILE,baseline preserved inside legacy zip
baptists_v93/02-source-critical-protocol-master.md,01_METHOD_AND_WORKFLOW,groups/01_METHOD_AND_WORKFLOW.md,md,56094,MERGED_FULL_TEXT_IN_GROUP_FILE,baseline preserved inside legacy zip
baptists_v93/10-agent-workflow-next-search-master.md,01_METHOD_AND_WORKFLOW,groups/01_METHOD_AND_WORKFLOW.md,md,64759,MERGED_FULL_TEXT_IN_GROUP_FILE,baseline preserved inside legacy zip
baptists_v93/35-utrennyaya-zvezda-1910-pdf-facsimile-gap-protocol-v60.md,01_METHOD_AND_WORKFLOW,groups/01_METHOD_AND_WORKFLOW.md,md,6102,MERGED_FULL_TEXT_IN_GROUP_FILE,baseline preserved inside legacy zip
baptists_v93/50-baptist-1910-donation-statistics-ledger-protocol-v60.md,01_METHOD_AND_WORKFLOW,groups/01_METHOD_AND_WORKFLOW.md,md,5873,MERGED_FULL_TEXT_IN_GROUP_FILE,baseline preserved inside legacy zip
baptists_v93/55-baptist-1910-no5-status-upgrade-v60.md,01_METHOD_AND_WORKFLOW,groups/01_METHOD_AND_WORKFLOW.md,md,2727,MERGED_FULL_TEXT_IN_GROUP_FILE,baseline preserved inside legacy zip
baptists_v93/62-baptist-1910-first-quarter-hypothesis-guardrail-v60.md,01_METHOD_AND_WORKFLOW,groups/01_METHOD_AND_WORKFLOW.md,md,2625,MERGED_FULL_TEXT_IN_GROUP_FILE,baseline preserved inside legacy zip
baptists_v93/63-periodical-djvu-ingestion-protocol-v60.md,01_METHOD_AND_WORKFLOW,groups/01_METHOD_AND_WORKFLOW.md,md,2664,MERGED_FULL_TEXT_IN_GROUP_FILE,baseline preserved inside legacy zip
baptists_v93/69-corpus-census-agent-protocol-v60.md,01_METHOD_AND_WORKFLOW,groups/01_METHOD_AND_WORKFLOW.md,md,3583,MERGED_FULL_TEXT_IN_GROUP_FILE,baseline preserved inside legacy zip
baptists_v93/71-rsehb-link-level-crawl-protocol-v60.md,01_METHOD_AND_WORKFLOW,groups/01_METHOD_AND_WORKFLOW.md,md,4397,MERGED_FULL_TEXT_IN_GROUP_FILE,baseline preserved inside legacy zip
baptists_v93/75-census-agent-next-pass-v60.md,01_METHOD_AND_WORKFLOW,groups/01_METHOD_AND_WORKFLOW.md,md,2907,MERGED_FULL_TEXT_IN_GROUP_FILE,baseline preserved inside legacy zip
baptists_v93/81-agent-crawl-prompts-v60.md,01_METHOD_AND_WORKFLOW,groups/01_METHOD_AND_WORKFLOW.md,md,1822,MERGED_FULL_TEXT_IN_GROUP_FILE,baseline preserved inside legacy zip
baptists_v93/82-rsehb-link-register-status-v60.md,01_METHOD_AND_WORKFLOW,groups/01_METHOD_AND_WORKFLOW.md,md,1010,MERGED_FULL_TEXT_IN_GROUP_FILE,baseline preserved inside legacy zip
baptists_v93/88-corpus-statistics-normalization-v60.md,01_METHOD_AND_WORKFLOW,groups/01_METHOD_AND_WORKFLOW.md,md,1653,MERGED_FULL_TEXT_IN_GROUP_FILE,baseline preserved inside legacy zip
baptists_v93/89-link-crawl-agent-batch-plan-v60.md,01_METHOD_AND_WORKFLOW,groups/01_METHOD_AND_WORKFLOW.md,md,1323,MERGED_FULL_TEXT_IN_GROUP_FILE,baseline preserved inside legacy zip
baptists_v93/90-rsehb-corpus-census-v60-status.md,01_METHOD_AND_WORKFLOW,groups/01_METHOD_AND_WORKFLOW.md,md,936,MERGED_FULL_TEXT_IN_GROUP_FILE,baseline preserved inside legacy zip
baptists_v93/100-agent-crawl-prompts-v82.md,01_METHOD_AND_WORKFLOW,groups/01_METHOD_AND_WORKFLOW.md,md,6193,MERGED_FULL_TEXT_IN_GROUP_FILE,baseline preserved inside legacy zip
baptists_v93/106-agent-crawl-prompts-v83.md,01_METHOD_AND_WORKFLOW,groups/01_METHOD_AND_WORKFLOW.md,md,3550,MERGED_FULL_TEXT_IN_GROUP_FILE,baseline preserved inside legacy zip
baptists_v93/107-periodical-web-crawl-v84-verified-leads.md,01_METHOD_AND_WORKFLOW,groups/01_METHOD_AND_WORKFLOW.md,md,6085,MERGED_FULL_TEXT_IN_GROUP_FILE,baseline preserved inside legacy zip
baptists_v93/110-agent-prompt-v84-web-crawl.md,01_METHOD_AND_WORKFLOW,groups/01_METHOD_AND_WORKFLOW.md,md,2917,MERGED_FULL_TEXT_IN_GROUP_FILE,baseline preserved inside legacy zip
baptists_v93/116-agent-prompt-v85-repo-zip-web-crosscheck.md,01_METHOD_AND_WORKFLOW,groups/01_METHOD_AND_WORKFLOW.md,md,2195,MERGED_FULL_TEXT_IN_GROUP_FILE,baseline preserved inside legacy zip
baptists_v93/121-agent-prompt-v86-issue-level-download-ocr.md,01_METHOD_AND_WORKFLOW,groups/01_METHOD_AND_WORKFLOW.md,md,2079,MERGED_FULL_TEXT_IN_GROUP_FILE,baseline preserved inside legacy zip
baptists_v93/126-agent-prompt-v87-authority-register.md,01_METHOD_AND_WORKFLOW,groups/01_METHOD_AND_WORKFLOW.md,md,2198,MERGED_FULL_TEXT_IN_GROUP_FILE,baseline preserved inside legacy zip
baptists_v93/130-agent-prompt-v88-issue-proof-pack.md,01_METHOD_AND_WORKFLOW,groups/01_METHOD_AND_WORKFLOW.md,md,3264,MERGED_FULL_TEXT_IN_GROUP_FILE,baseline preserved inside legacy zip
baptists_v93/135-agent-prompt-v89-microbatch-issue-proof.md,01_METHOD_AND_WORKFLOW,groups/01_METHOD_AND_WORKFLOW.md,md,2579,MERGED_FULL_TEXT_IN_GROUP_FILE,baseline preserved inside legacy zip
baptists_v93/140-agent-prompt-v90-proof-not-names.md,01_METHOD_AND_WORKFLOW,groups/01_METHOD_AND_WORKFLOW.md,md,1459,MERGED_FULL_TEXT_IN_GROUP_FILE,baseline preserved inside legacy zip
baptists_v93/145-rare-periodicals-status-v91.md,01_METHOD_AND_WORKFLOW,groups/01_METHOD_AND_WORKFLOW.md,md,2252,MERGED_FULL_TEXT_IN_GROUP_FILE,baseline preserved inside legacy zip
baptists_v93/146-agent-prompt-v91-unverified-closure.md,01_METHOD_AND_WORKFLOW,groups/01_METHOD_AND_WORKFLOW.md,md,2152,MERGED_FULL_TEXT_IN_GROUP_FILE,baseline preserved inside legacy zip
baptists_v93/148-toronto-samizdat-page-status-v92.md,01_METHOD_AND_WORKFLOW,groups/01_METHOD_AND_WORKFLOW.md,md,1864,MERGED_FULL_TEXT_IN_GROUP_FILE,baseline preserved inside legacy zip
baptists_v93/149-baptist-ukrainy-access-status-v92.md,01_METHOD_AND_WORKFLOW,groups/01_METHOD_AND_WORKFLOW.md,md,1551,MERGED_FULL_TEXT_IN_GROUP_FILE,baseline preserved inside legacy zip
baptists_v93/152-agent-prompt-v92-file-page-ocr-quote-cards.md,01_METHOD_AND_WORKFLOW,groups/01_METHOD_AND_WORKFLOW.md,md,1730,MERGED_FULL_TEXT_IN_GROUP_FILE,baseline preserved inside legacy zip
baptists_v93/156-baptist-ukrainy-v93-nlb-calisphere-status.md,01_METHOD_AND_WORKFLOW,groups/01_METHOD_AND_WORKFLOW.md,md,1181,MERGED_FULL_TEXT_IN_GROUP_FILE,baseline preserved inside legacy zip
baptists_v93/158-agent-prompt-v93-file-proof-not-more-names.md,01_METHOD_AND_WORKFLOW,groups/01_METHOD_AND_WORKFLOW.md,md,1165,MERGED_FULL_TEXT_IN_GROUP_FILE,baseline preserved inside legacy zip
baptists_v93/CHANGELOG-v82.md,01_METHOD_AND_WORKFLOW,groups/01_METHOD_AND_WORKFLOW.md,md,1252,MERGED_FULL_TEXT_IN_GROUP_FILE,baseline preserved inside legacy zip
baptists_v93/CHANGELOG-v83.md,01_METHOD_AND_WORKFLOW,groups/01_METHOD_AND_WORKFLOW.md,md,2106,MERGED_FULL_TEXT_IN_GROUP_FILE,baseline preserved inside legacy zip
baptists_v93/CHANGELOG-v84.md,01_METHOD_AND_WORKFLOW,groups/01_METHOD_AND_WORKFLOW.md,md,1550,MERGED_FULL_TEXT_IN_GROUP_FILE,baseline preserved inside legacy zip
baptists_v93/CHANGELOG-v85.md,01_METHOD_AND_WORKFLOW,groups/01_METHOD_AND_WORKFLOW.md,md,962,MERGED_FULL_TEXT_IN_GROUP_FILE,baseline preserved inside legacy zip
baptists_v93/CHANGELOG-v86.md,01_METHOD_AND_WORKFLOW,groups/01_METHOD_AND_WORKFLOW.md,md,692,MERGED_FULL_TEXT_IN_GROUP_FILE,baseline preserved inside legacy zip
baptists_v93/CHANGELOG-v87.md,01_METHOD_AND_WORKFLOW,groups/01_METHOD_AND_WORKFLOW.md,md,775,MERGED_FULL_TEXT_IN_GROUP_FILE,baseline preserved inside legacy zip
baptists_v93/CHANGELOG-v88.md,01_METHOD_AND_WORKFLOW,groups/01_METHOD_AND_WORKFLOW.md,md,496,MERGED_FULL_TEXT_IN_GROUP_FILE,baseline preserved inside legacy zip
baptists_v93/CHANGELOG-v89.md,01_METHOD_AND_WORKFLOW,groups/01_METHOD_AND_WORKFLOW.md,md,699,MERGED_FULL_TEXT_IN_GROUP_FILE,baseline preserved inside legacy zip
baptists_v93/CHANGELOG-v90.md,01_METHOD_AND_WORKFLOW,groups/01_METHOD_AND_WORKFLOW.md,md,1110,MERGED_FULL_TEXT_IN_GROUP_FILE,baseline preserved inside legacy zip
baptists_v93/CHANGELOG-v91.md,01_METHOD_AND_WORKFLOW,groups/01_METHOD_AND_WORKFLOW.md,md,1273,MERGED_FULL_TEXT_IN_GROUP_FILE,baseline preserved inside legacy zip
baptists_v93/CHANGELOG-v92.md,01_METHOD_AND_WORKFLOW,groups/01_METHOD_AND_WORKFLOW.md,md,1069,MERGED_FULL_TEXT_IN_GROUP_FILE,baseline preserved inside legacy zip
baptists_v93/CHANGELOG-v93.md,01_METHOD_AND_WORKFLOW,groups/01_METHOD_AND_WORKFLOW.md,md,487,MERGED_FULL_TEXT_IN_GROUP_FILE,baseline preserved inside legacy zip
baptists_v93/README-v60-CONSOLIDATED.md,01_METHOD_AND_WORKFLOW,groups/01_METHOD_AND_WORKFLOW.md,md,14920,MERGED_FULL_TEXT_IN_GROUP_FILE,baseline preserved inside legacy zip
baptists_v93/README-v81-CONSOLIDATED.md,01_METHOD_AND_WORKFLOW,groups/01_METHOD_AND_WORKFLOW.md,md,8270,MERGED_FULL_TEXT_IN_GROUP_FILE,baseline preserved inside legacy zip
baptists_v93/README-v82-CONSOLIDATED.md,01_METHOD_AND_WORKFLOW,groups/01_METHOD_AND_WORKFLOW.md,md,3208,MERGED_FULL_TEXT_IN_GROUP_FILE,baseline preserved inside legacy zip
baptists_v93/README-v83-CONSOLIDATED.md,01_METHOD_AND_WORKFLOW,groups/01_METHOD_AND_WORKFLOW.md,md,2656,MERGED_FULL_TEXT_IN_GROUP_FILE,baseline preserved inside legacy zip
baptists_v93/README-v84-CONSOLIDATED.md,01_METHOD_AND_WORKFLOW,groups/01_METHOD_AND_WORKFLOW.md,md,1964,MERGED_FULL_TEXT_IN_GROUP_FILE,baseline preserved inside legacy zip
baptists_v93/README-v85-CONSOLIDATED.md,01_METHOD_AND_WORKFLOW,groups/01_METHOD_AND_WORKFLOW.md,md,1539,MERGED_FULL_TEXT_IN_GROUP_FILE,baseline preserved inside legacy zip
baptists_v93/README-v86-CONSOLIDATED.md,01_METHOD_AND_WORKFLOW,groups/01_METHOD_AND_WORKFLOW.md,md,1120,MERGED_FULL_TEXT_IN_GROUP_FILE,baseline preserved inside legacy zip
baptists_v93/README-v87-CONSOLIDATED.md,01_METHOD_AND_WORKFLOW,groups/01_METHOD_AND_WORKFLOW.md,md,1230,MERGED_FULL_TEXT_IN_GROUP_FILE,baseline preserved inside legacy zip
baptists_v93/README-v88-CONSOLIDATED.md,01_METHOD_AND_WORKFLOW,groups/01_METHOD_AND_WORKFLOW.md,md,1387,MERGED_FULL_TEXT_IN_GROUP_FILE,baseline preserved inside legacy zip
baptists_v93/README-v89-CONSOLIDATED.md,01_METHOD_AND_WORKFLOW,groups/01_METHOD_AND_WORKFLOW.md,md,1606,MERGED_FULL_TEXT_IN_GROUP_FILE,baseline preserved inside legacy zip
baptists_v93/README-v90-CONSOLIDATED.md,01_METHOD_AND_WORKFLOW,groups/01_METHOD_AND_WORKFLOW.md,md,1835,MERGED_FULL_TEXT_IN_GROUP_FILE,baseline preserved inside legacy zip
baptists_v93/README-v91-CONSOLIDATED.md,01_METHOD_AND_WORKFLOW,groups/01_METHOD_AND_WORKFLOW.md,md,1206,MERGED_FULL_TEXT_IN_GROUP_FILE,baseline preserved inside legacy zip
baptists_v93/README-v92-CONSOLIDATED.md,01_METHOD_AND_WORKFLOW,groups/01_METHOD_AND_WORKFLOW.md,md,1698,MERGED_FULL_TEXT_IN_GROUP_FILE,baseline preserved inside legacy zip
baptists_v93/README-v93-CONSOLIDATED.md,01_METHOD_AND_WORKFLOW,groups/01_METHOD_AND_WORKFLOW.md,md,1199,MERGED_FULL_TEXT_IN_GROUP_FILE,baseline preserved inside legacy zip
baptists_v93/MANIFEST-v91.txt,01_METHOD_AND_WORKFLOW,groups/01_METHOD_AND_WORKFLOW.md,txt,8745,MERGED_FULL_TEXT_IN_GROUP_FILE,baseline preserved inside legacy zip
baptists_v93/MANIFEST-v92.txt,01_METHOD_AND_WORKFLOW,groups/01_METHOD_AND_WORKFLOW.md,txt,10424,MERGED_FULL_TEXT_IN_GROUP_FILE,baseline preserved inside legacy zip
baptists_v93/MANIFEST-v93.txt,01_METHOD_AND_WORKFLOW,groups/01_METHOD_AND_WORKFLOW.md,txt,10897,MERGED_FULL_TEXT_IN_GROUP_FILE,baseline preserved inside legacy zip
baptists_v93/SHA256SUMS-v91.txt,01_METHOD_AND_WORKFLOW,groups/01_METHOD_AND_WORKFLOW.md,txt,23348,MERGED_FULL_TEXT_IN_GROUP_FILE,baseline preserved inside legacy zip
baptists_v93/SHA256SUMS-v92.txt,01_METHOD_AND_WORKFLOW,groups/01_METHOD_AND_WORKFLOW.md,txt,24731,MERGED_FULL_TEXT_IN_GROUP_FILE,baseline preserved inside legacy zip
baptists_v93/SHA256SUMS-v93.txt,01_METHOD_AND_WORKFLOW,groups/01_METHOD_AND_WORKFLOW.md,txt,26013,MERGED_FULL_TEXT_IN_GROUP_FILE,baseline preserved inside legacy zip
baptists_v93/03-act-zero-master-prehistory.md,02_HISTORY_NARRATIVE,groups/02_HISTORY_NARRATIVE.md,md,14507,MERGED_FULL_TEXT_IN_GROUP_FILE,baseline preserved inside legacy zip
baptists_v93/04-origins-imperial-admin-orthodox-relations-master.md,02_HISTORY_NARRATIVE,groups/02_HISTORY_NARRATIVE.md,md,31989,MERGED_FULL_TEXT_IN_GROUP_FILE,baseline preserved inside legacy zip
baptists_v93/08-chronology-data-model-master.md,02_HISTORY_NARRATIVE,groups/02_HISTORY_NARRATIVE.md,md,12570,MERGED_FULL_TEXT_IN_GROUP_FILE,baseline preserved inside legacy zip
baptists_v93/05-periodicals-print-corpus-master.md,03_PERIODICAL_CORPUS,groups/03_PERIODICAL_CORPUS.md,md,81373,MERGED_FULL_TEXT_IN_GROUP_FILE,baseline preserved inside legacy zip
baptists_v93/11-periodical-gold-extraction-v60.md,03_PERIODICAL_CORPUS,groups/03_PERIODICAL_CORPUS.md,md,78604,MERGED_FULL_TEXT_IN_GROUP_FILE,baseline preserved inside legacy zip
baptists_v93/12-baptist-1907-doctrine-dossier-v60.md,03_PERIODICAL_CORPUS,groups/03_PERIODICAL_CORPUS.md,md,15519,MERGED_FULL_TEXT_IN_GROUP_FILE,baseline preserved inside legacy zip
baptists_v93/13-baptist-1907-02-06-issue-extraction-v60.md,03_PERIODICAL_CORPUS,groups/03_PERIODICAL_CORPUS.md,md,42106,MERGED_FULL_TEXT_IN_GROUP_FILE,baseline preserved inside legacy zip
baptists_v93/14-khristianin-1906-01-evangelical-dossier-v60.md,03_PERIODICAL_CORPUS,groups/03_PERIODICAL_CORPUS.md,md,20836,MERGED_FULL_TEXT_IN_GROUP_FILE,baseline preserved inside legacy zip
baptists_v93/15-baptist-1907-baptism-church-dossier-v60.md,03_PERIODICAL_CORPUS,groups/03_PERIODICAL_CORPUS.md,md,32295,MERGED_FULL_TEXT_IN_GROUP_FILE,baseline preserved inside legacy zip
baptists_v93/16-khristianin-1906-next-issues-map-v60.md,03_PERIODICAL_CORPUS,groups/03_PERIODICAL_CORPUS.md,md,15626,MERGED_FULL_TEXT_IN_GROUP_FILE,baseline preserved inside legacy zip
baptists_v93/17-khristianin-1906-05-freedom-captivity-dossier-v60.md,03_PERIODICAL_CORPUS,groups/03_PERIODICAL_CORPUS.md,md,24851,MERGED_FULL_TEXT_IN_GROUP_FILE,baseline preserved inside legacy zip
baptists_v93/18-khristianin-1906-06-holy-spirit-youth-field-dossier-v60.md,03_PERIODICAL_CORPUS,groups/03_PERIODICAL_CORPUS.md,md,18315,MERGED_FULL_TEXT_IN_GROUP_FILE,baseline preserved inside legacy zip
baptists_v93/19-khristianin-1906-05-06-live-cards-v60.md,03_PERIODICAL_CORPUS,groups/03_PERIODICAL_CORPUS.md,md,40499,MERGED_FULL_TEXT_IN_GROUP_FILE,baseline preserved inside legacy zip
baptists_v93/20-khristianin-1906-05-06-register-v60.md,03_PERIODICAL_CORPUS,groups/03_PERIODICAL_CORPUS.md,md,15677,MERGED_FULL_TEXT_IN_GROUP_FILE,baseline preserved inside legacy zip
baptists_v93/21-next-corpus-corridor-utrennyaya-zvezda-baptist-v60.md,03_PERIODICAL_CORPUS,groups/03_PERIODICAL_CORPUS.md,md,10664,MERGED_FULL_TEXT_IN_GROUP_FILE,baseline preserved inside legacy zip
baptists_v93/22-utrennyaya-zvezda-1910-public-square-dossier-v60.md,03_PERIODICAL_CORPUS,groups/03_PERIODICAL_CORPUS.md,md,27459,MERGED_FULL_TEXT_IN_GROUP_FILE,baseline preserved inside legacy zip
baptists_v93/23-utrennyaya-zvezda-1910-issue-map-v60.md,03_PERIODICAL_CORPUS,groups/03_PERIODICAL_CORPUS.md,md,9342,MERGED_FULL_TEXT_IN_GROUP_FILE,baseline preserved inside legacy zip
baptists_v93/24-utrennyaya-zvezda-1910-house-of-prayer-scene-v60.md,03_PERIODICAL_CORPUS,groups/03_PERIODICAL_CORPUS.md,md,10391,MERGED_FULL_TEXT_IN_GROUP_FILE,baseline preserved inside legacy zip
baptists_v93/25-utrennyaya-zvezda-1910-social-ethics-cards-v60.md,03_PERIODICAL_CORPUS,groups/03_PERIODICAL_CORPUS.md,md,3308,MERGED_FULL_TEXT_IN_GROUP_FILE,baseline preserved inside legacy zip
baptists_v93/26-utrennyaya-zvezda-1910-18-19-temperance-aviation-dossier-v60.md,03_PERIODICAL_CORPUS,groups/03_PERIODICAL_CORPUS.md,md,11024,MERGED_FULL_TEXT_IN_GROUP_FILE,baseline preserved inside legacy zip
baptists_v93/27-utrennyaya-zvezda-1910-43-religious-freedom-dossier-v60.md,03_PERIODICAL_CORPUS,groups/03_PERIODICAL_CORPUS.md,md,8987,MERGED_FULL_TEXT_IN_GROUP_FILE,baseline preserved inside legacy zip
baptists_v93/28-utrennyaya-zvezda-1910-44-widow-prayer-civic-life-dossier-v60.md,03_PERIODICAL_CORPUS,groups/03_PERIODICAL_CORPUS.md,md,7802,MERGED_FULL_TEXT_IN_GROUP_FILE,baseline preserved inside legacy zip
baptists_v93/29-utrennyaya-zvezda-1910-late-year-public-ethics-map-v60.md,03_PERIODICAL_CORPUS,groups/03_PERIODICAL_CORPUS.md,md,5915,MERGED_FULL_TEXT_IN_GROUP_FILE,baseline preserved inside legacy zip
baptists_v93/30-utrennyaya-zvezda-1910-18-19-retrieval-dossier-v60.md,03_PERIODICAL_CORPUS,groups/03_PERIODICAL_CORPUS.md,md,13304,MERGED_FULL_TEXT_IN_GROUP_FILE,baseline preserved inside legacy zip
baptists_v93/31-utrennyaya-zvezda-1910-newspaper-identity-dossier-v60.md,03_PERIODICAL_CORPUS,groups/03_PERIODICAL_CORPUS.md,md,9334,MERGED_FULL_TEXT_IN_GROUP_FILE,baseline preserved inside legacy zip
baptists_v93/32-utrennyaya-zvezda-1910-public-square-writing-pack-v60.md,03_PERIODICAL_CORPUS,groups/03_PERIODICAL_CORPUS.md,md,12522,MERGED_FULL_TEXT_IN_GROUP_FILE,baseline preserved inside legacy zip
baptists_v93/33-utrennyaya-zvezda-1910-34-35-congress-dossier-v60.md,03_PERIODICAL_CORPUS,groups/03_PERIODICAL_CORPUS.md,md,10959,MERGED_FULL_TEXT_IN_GROUP_FILE,baseline preserved inside legacy zip
baptists_v93/34-utrennyaya-zvezda-1910-47-eto-ya-gethsemane-dossier-v60.md,03_PERIODICAL_CORPUS,groups/03_PERIODICAL_CORPUS.md,md,10022,MERGED_FULL_TEXT_IN_GROUP_FILE,baseline preserved inside legacy zip
baptists_v93/36-utrennyaya-zvezda-1910-public-square-synthesis-v60.md,03_PERIODICAL_CORPUS,groups/03_PERIODICAL_CORPUS.md,md,7548,MERGED_FULL_TEXT_IN_GROUP_FILE,baseline preserved inside legacy zip
baptists_v93/39-utrennyaya-zvezda-1910-28-storm-sea-interlude-v60.md,03_PERIODICAL_CORPUS,groups/03_PERIODICAL_CORPUS.md,md,7758,MERGED_FULL_TEXT_IN_GROUP_FILE,baseline preserved inside legacy zip
baptists_v93/40-utrennyaya-zvezda-1910-public-square-publication-brief-v60.md,03_PERIODICAL_CORPUS,groups/03_PERIODICAL_CORPUS.md,md,11987,MERGED_FULL_TEXT_IN_GROUP_FILE,baseline preserved inside legacy zip
baptists_v93/41-utrennyaya-zvezda-1910-18-19-quote-closure-dossier-v60.md,03_PERIODICAL_CORPUS,groups/03_PERIODICAL_CORPUS.md,md,7760,MERGED_FULL_TEXT_IN_GROUP_FILE,baseline preserved inside legacy zip
baptists_v93/42-baptist-1910-mature-periodical-corridor-v60.md,03_PERIODICAL_CORPUS,groups/03_PERIODICAL_CORPUS.md,md,8993,MERGED_FULL_TEXT_IN_GROUP_FILE,baseline preserved inside legacy zip
baptists_v93/43-series-periodical-spine-v60.md,03_PERIODICAL_CORPUS,groups/03_PERIODICAL_CORPUS.md,md,24409,MERGED_FULL_TEXT_IN_GROUP_FILE,baseline preserved inside legacy zip
baptists_v93/44-baptist-1910-corpus-correction-and-access-map-v60.md,03_PERIODICAL_CORPUS,groups/03_PERIODICAL_CORPUS.md,md,8387,MERGED_FULL_TEXT_IN_GROUP_FILE,baseline preserved inside legacy zip
baptists_v93/45-baptist-1910-01-new-year-program-dossier-v60.md,03_PERIODICAL_CORPUS,groups/03_PERIODICAL_CORPUS.md,md,7738,MERGED_FULL_TEXT_IN_GROUP_FILE,baseline preserved inside legacy zip
baptists_v93/46-baptist-1910-02-04-family-community-statistics-dossier-v60.md,03_PERIODICAL_CORPUS,groups/03_PERIODICAL_CORPUS.md,md,9242,MERGED_FULL_TEXT_IN_GROUP_FILE,baseline preserved inside legacy zip
baptists_v93/47-baptist-1910-mature-organ-writing-pack-v60.md,03_PERIODICAL_CORPUS,groups/03_PERIODICAL_CORPUS.md,md,10134,MERGED_FULL_TEXT_IN_GROUP_FILE,baseline preserved inside legacy zip
baptists_v93/48-baptist-1910-vs-utrennyaya-zvezda-comparison-v60.md,03_PERIODICAL_CORPUS,groups/03_PERIODICAL_CORPUS.md,md,5105,MERGED_FULL_TEXT_IN_GROUP_FILE,baseline preserved inside legacy zip
baptists_v93/49-baptist-1910-people-places-money-register-v60.md,03_PERIODICAL_CORPUS,groups/03_PERIODICAL_CORPUS.md,md,11213,MERGED_FULL_TEXT_IN_GROUP_FILE,baseline preserved inside legacy zip
baptists_v93/51-baptist-1910-family-community-chapter-draft-v60.md,03_PERIODICAL_CORPUS,groups/03_PERIODICAL_CORPUS.md,md,13508,MERGED_FULL_TEXT_IN_GROUP_FILE,baseline preserved inside legacy zip
baptists_v93/52-baptist-1910-no5-closure-and-risk-dossier-v60.md,03_PERIODICAL_CORPUS,groups/03_PERIODICAL_CORPUS.md,md,3411,MERGED_FULL_TEXT_IN_GROUP_FILE,baseline preserved inside legacy zip
baptists_v93/53-baptist-1910-series-integration-brief-v60.md,03_PERIODICAL_CORPUS,groups/03_PERIODICAL_CORPUS.md,md,5321,MERGED_FULL_TEXT_IN_GROUP_FILE,baseline preserved inside legacy zip
baptists_v93/54-baptist-1910-05-08-mbchurch-djvu-corridor-v60.md,03_PERIODICAL_CORPUS,groups/03_PERIODICAL_CORPUS.md,md,5671,MERGED_FULL_TEXT_IN_GROUP_FILE,baseline preserved inside legacy zip
baptists_v93/56-baptist-1910-06-08-expansion-corridor-v60.md,03_PERIODICAL_CORPUS,groups/03_PERIODICAL_CORPUS.md,md,2864,MERGED_FULL_TEXT_IN_GROUP_FILE,baseline preserved inside legacy zip
baptists_v93/57-baptist-1910-community-economy-method-v60.md,03_PERIODICAL_CORPUS,groups/03_PERIODICAL_CORPUS.md,md,3983,MERGED_FULL_TEXT_IN_GROUP_FILE,baseline preserved inside legacy zip
baptists_v93/58-periodical-source-triangulation-v60.md,03_PERIODICAL_CORPUS,groups/03_PERIODICAL_CORPUS.md,md,3149,MERGED_FULL_TEXT_IN_GROUP_FILE,baseline preserved inside legacy zip
baptists_v93/59-baptist-1910-01-13-mbchurch-access-map-v60.md,03_PERIODICAL_CORPUS,groups/03_PERIODICAL_CORPUS.md,md,6157,MERGED_FULL_TEXT_IN_GROUP_FILE,baseline preserved inside legacy zip
baptists_v93/60-baptist-1909-20-gap-closure-map-v60.md,03_PERIODICAL_CORPUS,groups/03_PERIODICAL_CORPUS.md,md,2722,MERGED_FULL_TEXT_IN_GROUP_FILE,baseline preserved inside legacy zip
baptists_v93/61-baptist-1910-issue-card-queue-v60.md,03_PERIODICAL_CORPUS,groups/03_PERIODICAL_CORPUS.md,md,3259,MERGED_FULL_TEXT_IN_GROUP_FILE,baseline preserved inside legacy zip
baptists_v93/64-baptist-1909-1910-series-bridge-v60.md,03_PERIODICAL_CORPUS,groups/03_PERIODICAL_CORPUS.md,md,3079,MERGED_FULL_TEXT_IN_GROUP_FILE,baseline preserved inside legacy zip
baptists_v93/65-periodical-corpus-census-v60.md,03_PERIODICAL_CORPUS,groups/03_PERIODICAL_CORPUS.md,md,8794,MERGED_FULL_TEXT_IN_GROUP_FILE,baseline preserved inside legacy zip
baptists_v93/66-rsehb-visible-issue-statistics-v60.md,03_PERIODICAL_CORPUS,groups/03_PERIODICAL_CORPUS.md,md,6575,MERGED_FULL_TEXT_IN_GROUP_FILE,baseline preserved inside legacy zip
baptists_v93/68-books-brochures-materials-census-roadmap-v60.md,03_PERIODICAL_CORPUS,groups/03_PERIODICAL_CORPUS.md,md,6559,MERGED_FULL_TEXT_IN_GROUP_FILE,baseline preserved inside legacy zip
baptists_v93/70-rsehb-label-level-register-v60.md,03_PERIODICAL_CORPUS,groups/03_PERIODICAL_CORPUS.md,md,3994,MERGED_FULL_TEXT_IN_GROUP_FILE,baseline preserved inside legacy zip
baptists_v93/73-books-brochures-materials-register-v60.md,03_PERIODICAL_CORPUS,groups/03_PERIODICAL_CORPUS.md,md,4853,MERGED_FULL_TEXT_IN_GROUP_FILE,baseline preserved inside legacy zip
baptists_v93/74-corpus-statistics-dashboard-v60.md,03_PERIODICAL_CORPUS,groups/03_PERIODICAL_CORPUS.md,md,3815,MERGED_FULL_TEXT_IN_GROUP_FILE,baseline preserved inside legacy zip
baptists_v93/76-rsehb-link-register-v60.md,03_PERIODICAL_CORPUS,groups/03_PERIODICAL_CORPUS.md,md,2721,MERGED_FULL_TEXT_IN_GROUP_FILE,baseline preserved inside legacy zip
baptists_v93/77-rsehb-link-coverage-dashboard-v60.md,03_PERIODICAL_CORPUS,groups/03_PERIODICAL_CORPUS.md,md,3137,MERGED_FULL_TEXT_IN_GROUP_FILE,baseline preserved inside legacy zip
baptists_v93/78-rsehb-download-id-priority-map-v60.md,03_PERIODICAL_CORPUS,groups/03_PERIODICAL_CORPUS.md,md,1675,MERGED_FULL_TEXT_IN_GROUP_FILE,baseline preserved inside legacy zip
baptists_v93/79-books-brochures-register-next-level-v60.md,03_PERIODICAL_CORPUS,groups/03_PERIODICAL_CORPUS.md,md,1644,MERGED_FULL_TEXT_IN_GROUP_FILE,baseline preserved inside legacy zip
baptists_v93/80-full-corpus-statistics-risk-brief-v60.md,03_PERIODICAL_CORPUS,groups/03_PERIODICAL_CORPUS.md,md,2074,MERGED_FULL_TEXT_IN_GROUP_FILE,baseline preserved inside legacy zip
baptists_v93/83-rsehb-link-register-v60-upgrade.md,03_PERIODICAL_CORPUS,groups/03_PERIODICAL_CORPUS.md,md,1809,MERGED_FULL_TEXT_IN_GROUP_FILE,baseline preserved inside legacy zip
baptists_v93/84-utrennyaya-zvezda-service-download-map-v60.md,03_PERIODICAL_CORPUS,groups/03_PERIODICAL_CORPUS.md,md,1563,MERGED_FULL_TEXT_IN_GROUP_FILE,baseline preserved inside legacy zip
baptists_v93/85-bratskiy-vestnik-link-map-v60.md,03_PERIODICAL_CORPUS,groups/03_PERIODICAL_CORPUS.md,md,1215,MERGED_FULL_TEXT_IN_GROUP_FILE,baseline preserved inside legacy zip
baptists_v93/86-modern-periodicals-link-scope-v60.md,03_PERIODICAL_CORPUS,groups/03_PERIODICAL_CORPUS.md,md,1325,MERGED_FULL_TEXT_IN_GROUP_FILE,baseline preserved inside legacy zip
baptists_v93/87-books-brochures-full-statistics-roadmap-v60.md,03_PERIODICAL_CORPUS,groups/03_PERIODICAL_CORPUS.md,md,1756,MERGED_FULL_TEXT_IN_GROUP_FILE,baseline preserved inside legacy zip
baptists_v93/97-periodical-corpus-expansion-v82.md,03_PERIODICAL_CORPUS,groups/03_PERIODICAL_CORPUS.md,md,15194,MERGED_FULL_TEXT_IN_GROUP_FILE,baseline preserved inside legacy zip
baptists_v93/98-periodical-unclosed-corpus-register-v82.md,03_PERIODICAL_CORPUS,groups/03_PERIODICAL_CORPUS.md,md,8653,MERGED_FULL_TEXT_IN_GROUP_FILE,baseline preserved inside legacy zip
baptists_v93/101-baptist-rusbaptist-full-link-map-v83.md,03_PERIODICAL_CORPUS,groups/03_PERIODICAL_CORPUS.md,md,4695,MERGED_FULL_TEXT_IN_GROUP_FILE,baseline preserved inside legacy zip
baptists_v93/102-small-periodicals-and-prokhanov-network-v83.md,03_PERIODICAL_CORPUS,groups/03_PERIODICAL_CORPUS.md,md,5998,MERGED_FULL_TEXT_IN_GROUP_FILE,baseline preserved inside legacy zip
baptists_v93/104-bratskiy-vestnik-mbchurch-official-corpus-v83.md,03_PERIODICAL_CORPUS,groups/03_PERIODICAL_CORPUS.md,md,5292,MERGED_FULL_TEXT_IN_GROUP_FILE,baseline preserved inside legacy zip
baptists_v93/108-lost-and-sparse-periodicals-v84.md,03_PERIODICAL_CORPUS,groups/03_PERIODICAL_CORPUS.md,md,4301,MERGED_FULL_TEXT_IN_GROUP_FILE,baseline preserved inside legacy zip
baptists_v93/112-rsehb-and-rusbaptist-gap-map-v85.md,03_PERIODICAL_CORPUS,groups/03_PERIODICAL_CORPUS.md,md,1571,MERGED_FULL_TEXT_IN_GROUP_FILE,baseline preserved inside legacy zip
baptists_v93/113-toronto-samizdat-issue-census-v85.md,03_PERIODICAL_CORPUS,groups/03_PERIODICAL_CORPUS.md,md,2393,MERGED_FULL_TEXT_IN_GROUP_FILE,baseline preserved inside legacy zip
baptists_v93/114-eaaa-and-bratskiy-vestnik-bridge-v85.md,03_PERIODICAL_CORPUS,groups/03_PERIODICAL_CORPUS.md,md,2069,MERGED_FULL_TEXT_IN_GROUP_FILE,baseline preserved inside legacy zip
baptists_v93/118-periodical-source-trust-matrix-v86.md,03_PERIODICAL_CORPUS,groups/03_PERIODICAL_CORPUS.md,md,2409,MERGED_FULL_TEXT_IN_GROUP_FILE,baseline preserved inside legacy zip
baptists_v93/122-periodical-encyclopedia-crosscheck-v87.md,03_PERIODICAL_CORPUS,groups/03_PERIODICAL_CORPUS.md,md,6291,MERGED_FULL_TEXT_IN_GROUP_FILE,baseline preserved inside legacy zip
baptists_v93/123-baptist-ukrainy-institutional-crosscheck-v87.md,03_PERIODICAL_CORPUS,groups/03_PERIODICAL_CORPUS.md,md,3529,MERGED_FULL_TEXT_IN_GROUP_FILE,baseline preserved inside legacy zip
baptists_v93/124-samizdat-issue-level-caution-v87.md,03_PERIODICAL_CORPUS,groups/03_PERIODICAL_CORPUS.md,md,3181,MERGED_FULL_TEXT_IN_GROUP_FILE,baseline preserved inside legacy zip
baptists_v93/127-evangelical-periodical-network-v88.md,03_PERIODICAL_CORPUS,groups/03_PERIODICAL_CORPUS.md,md,6003,MERGED_FULL_TEXT_IN_GROUP_FILE,baseline preserved inside legacy zip
baptists_v93/128-v88-rare-periodicals-next-targets.md,03_PERIODICAL_CORPUS,groups/03_PERIODICAL_CORPUS.md,md,5161,MERGED_FULL_TEXT_IN_GROUP_FILE,baseline preserved inside legacy zip
baptists_v93/131-baptist-ukrainy-issue-proof-v89.md,03_PERIODICAL_CORPUS,groups/03_PERIODICAL_CORPUS.md,md,4860,MERGED_FULL_TEXT_IN_GROUP_FILE,baseline preserved inside legacy zip
baptists_v93/134-rusbaptist-archive-vs-proof-v89.md,03_PERIODICAL_CORPUS,groups/03_PERIODICAL_CORPUS.md,md,2338,MERGED_FULL_TEXT_IN_GROUP_FILE,baseline preserved inside legacy zip
baptists_v93/136-baptist-ukrainy-calisphere-proof-v90.md,03_PERIODICAL_CORPUS,groups/03_PERIODICAL_CORPUS.md,md,1960,MERGED_FULL_TEXT_IN_GROUP_FILE,baseline preserved inside legacy zip
baptists_v93/138-fetler-far-east-emigration-periodicals-v90.md,03_PERIODICAL_CORPUS,groups/03_PERIODICAL_CORPUS.md,md,2174,MERGED_FULL_TEXT_IN_GROUP_FILE,baseline preserved inside legacy zip
baptists_v93/142-baptist-ukrainy-nlb-usc-v91.md,03_PERIODICAL_CORPUS,groups/03_PERIODICAL_CORPUS.md,md,2042,MERGED_FULL_TEXT_IN_GROUP_FILE,baseline preserved inside legacy zip
baptists_v93/143-samizdat-issue-level-proof-v91.md,03_PERIODICAL_CORPUS,groups/03_PERIODICAL_CORPUS.md,md,2897,MERGED_FULL_TEXT_IN_GROUP_FILE,baseline preserved inside legacy zip
baptists_v93/144-slovo-istiny-bridge-corpus-v91.md,03_PERIODICAL_CORPUS,groups/03_PERIODICAL_CORPUS.md,md,1728,MERGED_FULL_TEXT_IN_GROUP_FILE,baseline preserved inside legacy zip
baptists_v93/150-bratskii-listok-samizdat-issue-grid-v92.md,03_PERIODICAL_CORPUS,groups/03_PERIODICAL_CORPUS.md,md,1323,MERGED_FULL_TEXT_IN_GROUP_FILE,baseline preserved inside legacy zip
baptists_v93/151-rsehb-pdf-smoke-test-v92.md,03_PERIODICAL_CORPUS,groups/03_PERIODICAL_CORPUS.md,md,1246,MERGED_FULL_TEXT_IN_GROUP_FILE,baseline preserved inside legacy zip
baptists_v93/154-bratskii-listok-v93-two-corpus-proof.md,03_PERIODICAL_CORPUS,groups/03_PERIODICAL_CORPUS.md,md,1665,MERGED_FULL_TEXT_IN_GROUP_FILE,baseline preserved inside legacy zip
baptists_v93/155-slovo-istiny-v93-risk-and-next-proof.md,03_PERIODICAL_CORPUS,groups/03_PERIODICAL_CORPUS.md,md,1724,MERGED_FULL_TEXT_IN_GROUP_FILE,baseline preserved inside legacy zip
baptists_v93/91-persecution-compromise-hard-decisions-dossier-v81.md,04_SAMIZDAT_PERSECUTION,groups/04_SAMIZDAT_PERSECUTION.md,md,118911,MERGED_FULL_TEXT_IN_GROUP_FILE,baseline preserved inside legacy zip
baptists_v93/92-soviet-ecb-split-1959-1965-case-map-v81.md,04_SAMIZDAT_PERSECUTION,groups/04_SAMIZDAT_PERSECUTION.md,md,87898,MERGED_FULL_TEXT_IN_GROUP_FILE,baseline preserved inside legacy zip
baptists_v93/93-prisoners-relatives-bulletin-and-women-dossier-v81.md,04_SAMIZDAT_PERSECUTION,groups/04_SAMIZDAT_PERSECUTION.md,md,82197,MERGED_FULL_TEXT_IN_GROUP_FILE,baseline preserved inside legacy zip
baptists_v93/94-heroism-cowardice-compromise-writing-guide-v81.md,04_SAMIZDAT_PERSECUTION,groups/04_SAMIZDAT_PERSECUTION.md,md,77082,MERGED_FULL_TEXT_IN_GROUP_FILE,baseline preserved inside legacy zip
baptists_v93/95-persecution-source-census-and-next-search-v81.md,04_SAMIZDAT_PERSECUTION,groups/04_SAMIZDAT_PERSECUTION.md,md,128323,MERGED_FULL_TEXT_IN_GROUP_FILE,baseline preserved inside legacy zip
baptists_v93/96-persecution-existing-repo-integration-map-v81.md,04_SAMIZDAT_PERSECUTION,groups/04_SAMIZDAT_PERSECUTION.md,md,43630,MERGED_FULL_TEXT_IN_GROUP_FILE,baseline preserved inside legacy zip
baptists_v93/99-samizdat-and-prisoner-relatives-bulletin-v82.md,04_SAMIZDAT_PERSECUTION,groups/04_SAMIZDAT_PERSECUTION.md,md,9464,MERGED_FULL_TEXT_IN_GROUP_FILE,baseline preserved inside legacy zip
baptists_v93/103-samizdat-institutional-holdings-map-v83.md,04_SAMIZDAT_PERSECUTION,groups/04_SAMIZDAT_PERSECUTION.md,md,5193,MERGED_FULL_TEXT_IN_GROUP_FILE,baseline preserved inside legacy zip
baptists_v93/109-samizdat-crosswalk-method-v84.md,04_SAMIZDAT_PERSECUTION,groups/04_SAMIZDAT_PERSECUTION.md,md,2977,MERGED_FULL_TEXT_IN_GROUP_FILE,baseline preserved inside legacy zip
baptists_v93/119-samizdat-court-case-crosscheck-v86.md,04_SAMIZDAT_PERSECUTION,groups/04_SAMIZDAT_PERSECUTION.md,md,2891,MERGED_FULL_TEXT_IN_GROUP_FILE,baseline preserved inside legacy zip
baptists_v93/129-samizdat-v88-download-vs-catalog-rule.md,04_SAMIZDAT_PERSECUTION,groups/04_SAMIZDAT_PERSECUTION.md,md,4588,MERGED_FULL_TEXT_IN_GROUP_FILE,baseline preserved inside legacy zip
baptists_v93/132-samizdat-holdings-level-v89.md,04_SAMIZDAT_PERSECUTION,groups/04_SAMIZDAT_PERSECUTION.md,md,4496,MERGED_FULL_TEXT_IN_GROUP_FILE,baseline preserved inside legacy zip
baptists_v93/139-bratskii-listok-two-identities-v90.md,04_SAMIZDAT_PERSECUTION,groups/04_SAMIZDAT_PERSECUTION.md,md,1576,MERGED_FULL_TEXT_IN_GROUP_FILE,baseline preserved inside legacy zip
baptists_v93/06-foreign-archives-secular-media-master.md,05_REPO_MEDIA_INTEGRATION,groups/05_REPO_AND_PUBLICATION.md,md,38186,MERGED_FULL_TEXT_IN_GROUP_FILE,baseline preserved inside legacy zip
baptists_v93/07-media-photo-permissions-master.md,05_REPO_MEDIA_INTEGRATION,groups/05_REPO_AND_PUBLICATION.md,md,21926,MERGED_FULL_TEXT_IN_GROUP_FILE,baseline preserved inside legacy zip
baptists_v93/09-chapter-insertion-map-master.md,05_REPO_MEDIA_INTEGRATION,groups/05_REPO_AND_PUBLICATION.md,md,39727,MERGED_FULL_TEXT_IN_GROUP_FILE,baseline preserved inside legacy zip
baptists_v93/37-chapter-draft-public-square-v60.md,05_REPO_MEDIA_INTEGRATION,groups/05_REPO_AND_PUBLICATION.md,md,37764,MERGED_FULL_TEXT_IN_GROUP_FILE,baseline preserved inside legacy zip
baptists_v93/111-zip-and-repo-audit-v85.md,05_REPO_MEDIA_INTEGRATION,groups/05_REPO_AND_PUBLICATION.md,md,6114,MERGED_FULL_TEXT_IN_GROUP_FILE,baseline preserved inside legacy zip
baptists_v93/115-repo-integration-map-v85.md,05_REPO_MEDIA_INTEGRATION,groups/05_REPO_AND_PUBLICATION.md,md,2358,MERGED_FULL_TEXT_IN_GROUP_FILE,baseline preserved inside legacy zip
baptists_v93/120-repo-clean-integration-plan-v86.md,05_REPO_MEDIA_INTEGRATION,groups/05_REPO_AND_PUBLICATION.md,md,2226,MERGED_FULL_TEXT_IN_GROUP_FILE,baseline preserved inside legacy zip
baptists_v93/125-repo-v87-integration-warning.md,05_REPO_MEDIA_INTEGRATION,groups/05_REPO_AND_PUBLICATION.md,md,2250,MERGED_FULL_TEXT_IN_GROUP_FILE,baseline preserved inside legacy zip
baptists_v93/38-public-square-quote-gap-table-v60.md,06_DATA_AND_PROOF_LEDGERS,groups/06_DATA_AND_PROOF_LEDGERS.md,md,9151,MERGED_FULL_TEXT_IN_GROUP_FILE,baseline preserved inside legacy zip
baptists_v93/67-external-archive-census-v60.md,06_DATA_AND_PROOF_LEDGERS,groups/06_DATA_AND_PROOF_LEDGERS.md,md,6253,MERGED_FULL_TEXT_IN_GROUP_FILE,baseline preserved inside legacy zip
baptists_v93/72-link-probe-results-and-risk-map-v60.md,06_DATA_AND_PROOF_LEDGERS,groups/06_DATA_AND_PROOF_LEDGERS.md,md,3619,MERGED_FULL_TEXT_IN_GROUP_FILE,baseline preserved inside legacy zip
baptists_v93/105-v83-priority-conclusion.md,06_DATA_AND_PROOF_LEDGERS,groups/06_DATA_AND_PROOF_LEDGERS.md,md,3539,MERGED_FULL_TEXT_IN_GROUP_FILE,baseline preserved inside legacy zip
baptists_v93/117-web-verification-pass-v86.md,06_DATA_AND_PROOF_LEDGERS,groups/06_DATA_AND_PROOF_LEDGERS.md,md,8330,MERGED_FULL_TEXT_IN_GROUP_FILE,baseline preserved inside legacy zip
baptists_v93/133-vsekh-baptist-boundary-v89.md,06_DATA_AND_PROOF_LEDGERS,groups/06_DATA_AND_PROOF_LEDGERS.md,md,3473,MERGED_FULL_TEXT_IN_GROUP_FILE,baseline preserved inside legacy zip
baptists_v93/137-vsekh-applications-and-youth-press-v90.md,06_DATA_AND_PROOF_LEDGERS,groups/06_DATA_AND_PROOF_LEDGERS.md,md,2121,MERGED_FULL_TEXT_IN_GROUP_FILE,baseline preserved inside legacy zip
baptists_v93/141-unverified-to-verified-delta-v91.md,06_DATA_AND_PROOF_LEDGERS,groups/06_DATA_AND_PROOF_LEDGERS.md,md,4640,MERGED_FULL_TEXT_IN_GROUP_FILE,baseline preserved inside legacy zip
baptists_v93/147-microbatch-v92-file-page-ocr-pass.md,06_DATA_AND_PROOF_LEDGERS,groups/06_DATA_AND_PROOF_LEDGERS.md,md,3448,MERGED_FULL_TEXT_IN_GROUP_FILE,baseline preserved inside legacy zip
baptists_v93/153-v93-unverified-closure-pass.md,06_DATA_AND_PROOF_LEDGERS,groups/06_DATA_AND_PROOF_LEDGERS.md,md,1949,MERGED_FULL_TEXT_IN_GROUP_FILE,baseline preserved inside legacy zip
baptists_v93/157-v93-next-file-proof-batch.md,06_DATA_AND_PROOF_LEDGERS,groups/06_DATA_AND_PROOF_LEDGERS.md,md,782,MERGED_FULL_TEXT_IN_GROUP_FILE,baseline preserved inside legacy zip
baptists_v93/baptist-ukrainy-access-status-v92.csv,06_DATA_AND_PROOF_LEDGERS,groups/06_DATA_AND_PROOF_LEDGERS.md,csv,1371,MERGED_FULL_TEXT_IN_GROUP_FILE,baseline preserved inside legacy zip
baptists_v93/baptist-ukrainy-issue-proof-v89.csv,06_DATA_AND_PROOF_LEDGERS,groups/06_DATA_AND_PROOF_LEDGERS.md,csv,2059,MERGED_FULL_TEXT_IN_GROUP_FILE,baseline preserved inside legacy zip
baptists_v93/baptist-ukrainy-proof-microbatch-v90.csv,06_DATA_AND_PROOF_LEDGERS,groups/06_DATA_AND_PROOF_LEDGERS.md,csv,765,MERGED_FULL_TEXT_IN_GROUP_FILE,baseline preserved inside legacy zip
baptists_v93/book-brochure-register-starter-v60.csv,06_DATA_AND_PROOF_LEDGERS,groups/06_DATA_AND_PROOF_LEDGERS.md,csv,1451,MERGED_FULL_TEXT_IN_GROUP_FILE,baseline preserved inside legacy zip
baptists_v93/book-brochure-register-v60.csv,06_DATA_AND_PROOF_LEDGERS,groups/06_DATA_AND_PROOF_LEDGERS.md,csv,1671,MERGED_FULL_TEXT_IN_GROUP_FILE,baseline preserved inside legacy zip
baptists_v93/bratskii-listok-corpus-split-v93.csv,06_DATA_AND_PROOF_LEDGERS,groups/06_DATA_AND_PROOF_LEDGERS.md,csv,729,MERGED_FULL_TEXT_IN_GROUP_FILE,baseline preserved inside legacy zip
baptists_v93/bratskii-listok-split-v90.csv,06_DATA_AND_PROOF_LEDGERS,groups/06_DATA_AND_PROOF_LEDGERS.md,csv,476,MERGED_FULL_TEXT_IN_GROUP_FILE,baseline preserved inside legacy zip
baptists_v93/corpus-census-v60.csv,06_DATA_AND_PROOF_LEDGERS,groups/06_DATA_AND_PROOF_LEDGERS.md,csv,3067,MERGED_FULL_TEXT_IN_GROUP_FILE,baseline preserved inside legacy zip
baptists_v93/corpus-statistics-dashboard-v60.csv,06_DATA_AND_PROOF_LEDGERS,groups/06_DATA_AND_PROOF_LEDGERS.md,csv,538,MERGED_FULL_TEXT_IN_GROUP_FILE,baseline preserved inside legacy zip
baptists_v93/crawl-batch-plan-v60.csv,06_DATA_AND_PROOF_LEDGERS,groups/06_DATA_AND_PROOF_LEDGERS.md,csv,866,MERGED_FULL_TEXT_IN_GROUP_FILE,baseline preserved inside legacy zip
baptists_v93/crawl-batch-plan-v82.csv,06_DATA_AND_PROOF_LEDGERS,groups/06_DATA_AND_PROOF_LEDGERS.md,csv,1413,MERGED_FULL_TEXT_IN_GROUP_FILE,baseline preserved inside legacy zip
baptists_v93/crawl-batch-plan-v83.csv,06_DATA_AND_PROOF_LEDGERS,groups/06_DATA_AND_PROOF_LEDGERS.md,csv,1060,MERGED_FULL_TEXT_IN_GROUP_FILE,baseline preserved inside legacy zip
baptists_v93/crawl-batch-plan-v84.csv,06_DATA_AND_PROOF_LEDGERS,groups/06_DATA_AND_PROOF_LEDGERS.md,csv,1440,MERGED_FULL_TEXT_IN_GROUP_FILE,baseline preserved inside legacy zip
baptists_v93/crawl-batch-plan-v85.csv,06_DATA_AND_PROOF_LEDGERS,groups/06_DATA_AND_PROOF_LEDGERS.md,csv,1372,MERGED_FULL_TEXT_IN_GROUP_FILE,baseline preserved inside legacy zip
baptists_v93/crawl-batch-plan-v86.csv,06_DATA_AND_PROOF_LEDGERS,groups/06_DATA_AND_PROOF_LEDGERS.md,csv,941,MERGED_FULL_TEXT_IN_GROUP_FILE,baseline preserved inside legacy zip
baptists_v93/crawl-batch-plan-v87.csv,06_DATA_AND_PROOF_LEDGERS,groups/06_DATA_AND_PROOF_LEDGERS.md,csv,954,MERGED_FULL_TEXT_IN_GROUP_FILE,baseline preserved inside legacy zip
baptists_v93/crawl-batch-plan-v88.csv,06_DATA_AND_PROOF_LEDGERS,groups/06_DATA_AND_PROOF_LEDGERS.md,csv,1282,MERGED_FULL_TEXT_IN_GROUP_FILE,baseline preserved inside legacy zip
baptists_v93/crawl-batch-plan-v89.csv,06_DATA_AND_PROOF_LEDGERS,groups/06_DATA_AND_PROOF_LEDGERS.md,csv,972,MERGED_FULL_TEXT_IN_GROUP_FILE,baseline preserved inside legacy zip
baptists_v93/crawl-batch-plan-v90.csv,06_DATA_AND_PROOF_LEDGERS,groups/06_DATA_AND_PROOF_LEDGERS.md,csv,805,MERGED_FULL_TEXT_IN_GROUP_FILE,baseline preserved inside legacy zip
baptists_v93/crawl-batch-plan-v92.csv,06_DATA_AND_PROOF_LEDGERS,groups/06_DATA_AND_PROOF_LEDGERS.md,csv,1471,MERGED_FULL_TEXT_IN_GROUP_FILE,baseline preserved inside legacy zip
baptists_v93/external-corpus-leads-v60.csv,06_DATA_AND_PROOF_LEDGERS,groups/06_DATA_AND_PROOF_LEDGERS.md,csv,1735,MERGED_FULL_TEXT_IN_GROUP_FILE,baseline preserved inside legacy zip
baptists_v93/external-corpus-leads-v82.csv,06_DATA_AND_PROOF_LEDGERS,groups/06_DATA_AND_PROOF_LEDGERS.md,csv,3768,MERGED_FULL_TEXT_IN_GROUP_FILE,baseline preserved inside legacy zip
baptists_v93/external-corpus-leads-v83.csv,06_DATA_AND_PROOF_LEDGERS,groups/06_DATA_AND_PROOF_LEDGERS.md,csv,2044,MERGED_FULL_TEXT_IN_GROUP_FILE,baseline preserved inside legacy zip
baptists_v93/external-verification-leads-v87.csv,06_DATA_AND_PROOF_LEDGERS,groups/06_DATA_AND_PROOF_LEDGERS.md,csv,2331,MERGED_FULL_TEXT_IN_GROUP_FILE,baseline preserved inside legacy zip
baptists_v93/external-verification-leads-v88.csv,06_DATA_AND_PROOF_LEDGERS,groups/06_DATA_AND_PROOF_LEDGERS.md,csv,3229,MERGED_FULL_TEXT_IN_GROUP_FILE,baseline preserved inside legacy zip
baptists_v93/external-verification-leads-v90.csv,06_DATA_AND_PROOF_LEDGERS,groups/06_DATA_AND_PROOF_LEDGERS.md,csv,1495,MERGED_FULL_TEXT_IN_GROUP_FILE,baseline preserved inside legacy zip
baptists_v93/media-ledger-consolidated-v60.csv,06_DATA_AND_PROOF_LEDGERS,groups/06_DATA_AND_PROOF_LEDGERS.md,csv,24283,MERGED_FULL_TEXT_IN_GROUP_FILE,baseline preserved inside legacy zip
baptists_v93/microbatch-file-page-status-v92.csv,06_DATA_AND_PROOF_LEDGERS,groups/06_DATA_AND_PROOF_LEDGERS.md,csv,5542,MERGED_FULL_TEXT_IN_GROUP_FILE,baseline preserved inside legacy zip
baptists_v93/microbatch-v91.csv,06_DATA_AND_PROOF_LEDGERS,groups/06_DATA_AND_PROOF_LEDGERS.md,csv,1743,MERGED_FULL_TEXT_IN_GROUP_FILE,baseline preserved inside legacy zip
baptists_v93/microbatch-v93-next8.csv,06_DATA_AND_PROOF_LEDGERS,groups/06_DATA_AND_PROOF_LEDGERS.md,csv,1758,MERGED_FULL_TEXT_IN_GROUP_FILE,baseline preserved inside legacy zip
baptists_v93/periodical-authority-delta-v90.csv,06_DATA_AND_PROOF_LEDGERS,groups/06_DATA_AND_PROOF_LEDGERS.md,csv,2930,MERGED_FULL_TEXT_IN_GROUP_FILE,baseline preserved inside legacy zip
baptists_v93/periodical-authority-register-seed-v87.csv,06_DATA_AND_PROOF_LEDGERS,groups/06_DATA_AND_PROOF_LEDGERS.md,csv,3819,MERGED_FULL_TEXT_IN_GROUP_FILE,baseline preserved inside legacy zip
baptists_v93/periodical-authority-register-v88.csv,06_DATA_AND_PROOF_LEDGERS,groups/06_DATA_AND_PROOF_LEDGERS.md,csv,3064,MERGED_FULL_TEXT_IN_GROUP_FILE,baseline preserved inside legacy zip
baptists_v93/periodical-authority-register-v89.csv,06_DATA_AND_PROOF_LEDGERS,groups/06_DATA_AND_PROOF_LEDGERS.md,csv,1498,MERGED_FULL_TEXT_IN_GROUP_FILE,baseline preserved inside legacy zip
baptists_v93/periodical-issue-census-seed-v85.csv,06_DATA_AND_PROOF_LEDGERS,groups/06_DATA_AND_PROOF_LEDGERS.md,csv,2425,MERGED_FULL_TEXT_IN_GROUP_FILE,baseline preserved inside legacy zip
baptists_v93/periodical-targets-consolidated-v60.csv,06_DATA_AND_PROOF_LEDGERS,groups/06_DATA_AND_PROOF_LEDGERS.md,csv,40415,MERGED_FULL_TEXT_IN_GROUP_FILE,baseline preserved inside legacy zip
baptists_v93/periodical-unclosed-corpus-v82.csv,06_DATA_AND_PROOF_LEDGERS,groups/06_DATA_AND_PROOF_LEDGERS.md,csv,3712,MERGED_FULL_TEXT_IN_GROUP_FILE,baseline preserved inside legacy zip
baptists_v93/periodical-v83-priority-register.csv,06_DATA_AND_PROOF_LEDGERS,groups/06_DATA_AND_PROOF_LEDGERS.md,csv,1618,MERGED_FULL_TEXT_IN_GROUP_FILE,baseline preserved inside legacy zip
baptists_v93/periodical-verification-ledger-v86.csv,06_DATA_AND_PROOF_LEDGERS,groups/06_DATA_AND_PROOF_LEDGERS.md,csv,2697,MERGED_FULL_TEXT_IN_GROUP_FILE,baseline preserved inside legacy zip
baptists_v93/periodical-web-leads-v84.csv,06_DATA_AND_PROOF_LEDGERS,groups/06_DATA_AND_PROOF_LEDGERS.md,csv,3806,MERGED_FULL_TEXT_IN_GROUP_FILE,baseline preserved inside legacy zip
baptists_v93/persecution-hard-decisions-case-register-v81.csv,06_DATA_AND_PROOF_LEDGERS,groups/06_DATA_AND_PROOF_LEDGERS.md,csv,85458,MERGED_FULL_TEXT_IN_GROUP_FILE,baseline preserved inside legacy zip
baptists_v93/repo-gap-integration-v86.csv,06_DATA_AND_PROOF_LEDGERS,groups/06_DATA_AND_PROOF_LEDGERS.md,csv,809,MERGED_FULL_TEXT_IN_GROUP_FILE,baseline preserved inside legacy zip
baptists_v93/repo-integration-candidates-v85.csv,06_DATA_AND_PROOF_LEDGERS,groups/06_DATA_AND_PROOF_LEDGERS.md,csv,772,MERGED_FULL_TEXT_IN_GROUP_FILE,baseline preserved inside legacy zip
baptists_v93/rsehb-download-id-todo-v60.csv,06_DATA_AND_PROOF_LEDGERS,groups/06_DATA_AND_PROOF_LEDGERS.md,csv,36951,MERGED_FULL_TEXT_IN_GROUP_FILE,baseline preserved inside legacy zip
baptists_v93/rsehb-label-register-v60.csv,06_DATA_AND_PROOF_LEDGERS,groups/06_DATA_AND_PROOF_LEDGERS.md,csv,62212,MERGED_FULL_TEXT_IN_GROUP_FILE,baseline preserved inside legacy zip
baptists_v93/rsehb-link-coverage-dashboard-v60.csv,06_DATA_AND_PROOF_LEDGERS,groups/06_DATA_AND_PROOF_LEDGERS.md,csv,537,MERGED_FULL_TEXT_IN_GROUP_FILE,baseline preserved inside legacy zip
baptists_v93/rsehb-link-probe-results-v60.csv,06_DATA_AND_PROOF_LEDGERS,groups/06_DATA_AND_PROOF_LEDGERS.md,csv,1394,MERGED_FULL_TEXT_IN_GROUP_FILE,baseline preserved inside legacy zip
baptists_v93/rsehb-link-register-v60.csv,06_DATA_AND_PROOF_LEDGERS,groups/06_DATA_AND_PROOF_LEDGERS.md,csv,91985,MERGED_FULL_TEXT_IN_GROUP_FILE,baseline preserved inside legacy zip
baptists_v93/rsehb-visible-issue-counts-v60.csv,06_DATA_AND_PROOF_LEDGERS,groups/06_DATA_AND_PROOF_LEDGERS.md,csv,1820,MERGED_FULL_TEXT_IN_GROUP_FILE,baseline preserved inside legacy zip
baptists_v93/samizdat-court-evidence-v86.csv,06_DATA_AND_PROOF_LEDGERS,groups/06_DATA_AND_PROOF_LEDGERS.md,csv,1590,MERGED_FULL_TEXT_IN_GROUP_FILE,baseline preserved inside legacy zip
baptists_v93/samizdat-crosswalk-v84.csv,06_DATA_AND_PROOF_LEDGERS,groups/06_DATA_AND_PROOF_LEDGERS.md,csv,2179,MERGED_FULL_TEXT_IN_GROUP_FILE,baseline preserved inside legacy zip
baptists_v93/samizdat-holdings-ledger-v89.csv,06_DATA_AND_PROOF_LEDGERS,groups/06_DATA_AND_PROOF_LEDGERS.md,csv,1921,MERGED_FULL_TEXT_IN_GROUP_FILE,baseline preserved inside legacy zip
baptists_v93/samizdat-page-status-v92.csv,06_DATA_AND_PROOF_LEDGERS,groups/06_DATA_AND_PROOF_LEDGERS.md,csv,3940,MERGED_FULL_TEXT_IN_GROUP_FILE,baseline preserved inside legacy zip
baptists_v93/source-ledger-consolidated-v60.csv,06_DATA_AND_PROOF_LEDGERS,groups/06_DATA_AND_PROOF_LEDGERS.md,csv,80172,MERGED_FULL_TEXT_IN_GROUP_FILE,baseline preserved inside legacy zip
baptists_v93/source-trust-matrix-v86.csv,06_DATA_AND_PROOF_LEDGERS,groups/06_DATA_AND_PROOF_LEDGERS.md,csv,930,MERGED_FULL_TEXT_IN_GROUP_FILE,baseline preserved inside legacy zip
baptists_v93/toronto-samizdat-crosswalk-seed-v85.csv,06_DATA_AND_PROOF_LEDGERS,groups/06_DATA_AND_PROOF_LEDGERS.md,csv,1478,MERGED_FULL_TEXT_IN_GROUP_FILE,baseline preserved inside legacy zip
baptists_v93/verification-delta-v91.csv,06_DATA_AND_PROOF_LEDGERS,groups/06_DATA_AND_PROOF_LEDGERS.md,csv,3560,MERGED_FULL_TEXT_IN_GROUP_FILE,baseline preserved inside legacy zip
baptists_v93/verification-delta-v93.csv,06_DATA_AND_PROOF_LEDGERS,groups/06_DATA_AND_PROOF_LEDGERS.md,csv,3668,MERGED_FULL_TEXT_IN_GROUP_FILE,baseline preserved inside legacy zip
baptists_v93/zip-file-inventory-v85.csv,06_DATA_AND_PROOF_LEDGERS,groups/06_DATA_AND_PROOF_LEDGERS.md,csv,11509,MERGED_FULL_TEXT_IN_GROUP_FILE,baseline preserved inside legacy zip
