source_id,url,confirms,id,source,authority_level,used_for,version,source_key,use,label,type,trust_note,source_type,note
toronto_vestnik_spaseniia_master,https://samizdat.library.utoronto.ca/content/vestnik-spaseniia-dukhovno-nazidatelnyi-zhurnal-evangelskih-khristian-baptistov,Corpus 1963-1975; ca. 14-70 pp.; changed to Vestnik Istiny in 1976; issue grid late 1974/1975.,,,,,,,,,,,,
toronto_biulleten_master,https://samizdat.library.utoronto.ca/content/biulleten-soveta-rodstvennikov-uznikov-evangelskikh-khristian-baptistov-sssr,"Master issue grid, visible 1985 no.126 and no.127; no 128/129 in current retrieved grid.",,,,,,,,,,,,
toronto_brat_master,https://samizdat.library.utoronto.ca/content/bratskii-listok,Large BRATSKII LISTOK issue grid and source notes including 1971 AS/SDSA/MASA pointers.,,,,,,,,,,,,
toronto_vestnik_istiny_1978_01,https://samizdat.library.utoronto.ca/content/vestnik-istiny-dukhovno-nadziratelnyi-zhurnal-soiuza-tserkvei-evangelskikh-khristian-19,"Item card: 1978 no.1, Published in VEIS.",,,,,,,,,,,,
rsehb_baptist_1909_05_pdf,https://baptist.org.ru/_service/33957/download/id/321913/name/Baptist1909_05.pdf,PDF endpoint for Baptist 1909 no.5; metadata indicated 23 pages in earlier pass.,,,,,,,,,,,,
toronto_vestnik_spaseniia_1975_1_2,https://samizdat.library.utoronto.ca/content/vestnik-spaseniia-dukhovno-nazidatelnyi-zhurnal-evangelskih-khristian-baptistov-1975-no-1,"Vestnik Spaseniia 1975 no. 1-2(49-50), 32 pages, Baylor/Keston copy",,,,,,,,,,,,
toronto_vestnik_spaseniia_1975_3_4,https://samizdat.library.utoronto.ca/content/vestnik-spaseniia-dukhovno-nazidatelnyi-zhurnal-evangelskih-khristian-baptistov-1975-no-3,"Vestnik Spaseniia 1975 no. 3-4(51-52), 35 pages, Baylor/Keston copy",,,,,,,,,,,,
toronto_biulleten_sry_1975_21_22,https://samizdat.library.utoronto.ca/content/biulleten-soveta-rodstvennikov-uznikov-evangelskikh-khristian-baptistov-sssr-1975-no-21-22,"Biulleten SRY 1975 no. 21-22, 70 pages in item field, 51 pages in copy row; Baylor/Keston",,,,,,,,,,,,
toronto_biulleten_sry_1975_24_25,https://samizdat.library.utoronto.ca/content/biulleten-soveta-rodstvennikov-uznikov-evangelskikh-khristian-baptistov-sssr-1975-no-24-25,"Biulleten SRY 1975 no. 24-25, 81 pages, Baylor/Keston copy",,,,,,,,,,,,
toronto_vestnik_spaseniia_1964_01,https://samizdat.library.utoronto.ca/content/vestnik-spaseniia-dukhovno-nazidatelnyi-zhurnal-evangelskih-khristian-baptistov-1964-no-1,Vestnik Spaseniia 1964 no.1; 47 pages; Baylor/Keston copy.,,,,,,,,,,,,
toronto_vestnik_spaseniia_1972_01_37,https://samizdat.library.utoronto.ca/content/vestnik-spaseniia-dukhovno-nazidatelnyi-zhurnal-evangelskih-khristian-baptistov-1972-no-137,Vestnik Spaseniia 1972 no.1(37); 38 pages; Baylor/Keston copy.,,,,,,,,,,,,
toronto_vestnik_spaseniia_1974_01_02,https://samizdat.library.utoronto.ca/content/vestnik-spaseniia-dukhovno-nazidatelnyi-zhurnal-evangelskih-khristian-baptistov-1974-no-1,Vestnik Spaseniia 1974 no.1-2(45-46); 42 pages; Baylor/Keston copy.,,,,,,,,,,,,
toronto_biulleten_1972_06,https://samizdat.library.utoronto.ca/content/biulleten-soveta-rodstvennikov-uznikov-evangelskikh-khristian-baptistov-sssr-1972-no-6,Biulleten SRY 1972 no.6; 6 pages; Baylor/Keston; AS1117 copy row no page-count.,,,,,,,,,,,,
toronto_biulleten_1975_24,https://samizdat.library.utoronto.ca/content/biulleten-soveta-rodstvennikov-uznikov-evangelskikh-khristian-baptistov-sssr-1975-no-24,Biulleten SRY 1975 no.24; 44 pages in item field; 40 page copy-row variant.,,,,,,,,,,,,
toronto_biulleten_1975_27,https://samizdat.library.utoronto.ca/content/biulleten-soveta-rodstvennikov-uznikov-evangelskikh-khristian-baptistov-sssr-1975-no-27,Biulleten SRY 1975 no.27; 44 pages; AS2377 row no page-count.,,,,,,,,,,,,
toronto_biulleten_1979_61,https://samizdat.library.utoronto.ca/content/biulleten-soveta-rodstvennikov-uznikov-evangelskikh-khristian-baptistov-sssr-1979-no-61,Biulleten SRY 1979 no.61; 26 pages; Baylor/Keston.,,,,,,,,,,,,
toronto_brat_1971_01,https://samizdat.library.utoronto.ca/content/bratskii-listok-1971-no-1,BRATSKII LISTOK 1971 no.1; OSA AS610 and Baylor/Keston holdings; no page-count.,,,,,,,,,,,,
toronto_biulleten_1979_62,https://samizdat.library.utoronto.ca/content/biulleten-soveta-rodstvennikov-uznikov-evangelskikh-khristian-baptistov-sssr-1979-no-62,Biulleten SRY 1979 no.62; 62 pages; Bremen/Feliks Perchenok holding.,,,,,,,,,,,,
toronto_biulleten_1979_64,https://samizdat.library.utoronto.ca/content/biulleten-soveta-rodstvennikov-uznikov-evangelskikh-khristian-baptistov-sssr-1979-no-64,Biulleten SRY 1979 no.64; 42 pages; two Baylor/Keston copy rows.,,,,,,,,,,,,
toronto_vestnik_spaseniia_master_v104,https://samizdat.library.utoronto.ca/content/vestnik-spaseniia-dukhovno-nazidatelnyi-zhurnal-evangelskih-khristian-baptistov,Vestnik Spaseniia visible issue grid and source notes.,,,,,,,,,,,,
toronto_biulleten_master_v104,https://samizdat.library.utoronto.ca/content/biulleten-soveta-rodstvennikov-uznikov-evangelskikh-khristian-baptistov-sssr,"Biulleten SRY visible issue grid, including 1971-1980, 1984-1985, combined 1975 issues.",,,,,,,,,,,,
toronto_osa_crosscheck_v104,https://samizdat.library.utoronto.ca/content/open-society-archive-central-european-university-budapest-hungary-radio-liberty-samizdat,OSA/Radio Liberty Samizdat archive crosscheck for selected BRATSKII LISTOK and Vestnik Spaseniia issues.,,,,,,,,,,,,
,https://samizdat.library.utoronto.ca/content/vestnik-spaseniia-dukhovno-nazidatelnyi-zhurnal-evangelskih-khristian-baptistov-1965-no-19,,v105-src-01,Toronto Samizdat / Project for the Study of Dissidence and Samizdat,academic_catalog_item_card,Вестник Спасения 1965 №1(9),v105,,,,,,,
,https://samizdat.library.utoronto.ca/content/vestnik-spaseniia-dukhovno-nazidatelnyi-zhurnal-evangelskih-khristian-baptistov-1967-no-117,,v105-src-02,Toronto Samizdat / Project for the Study of Dissidence and Samizdat,academic_catalog_item_card,Вестник Спасения 1967 №1(17),v105,,,,,,,
,https://samizdat.library.utoronto.ca/content/vestnik-spaseniia-dukhovno-nazidatelnyi-zhurnal-evangelskih-khristian-baptistov-1968-no-121,,v105-src-03,Toronto Samizdat / Project for the Study of Dissidence and Samizdat,academic_catalog_item_card,Вестник Спасения 1968 №1(21),v105,,,,,,,
,https://samizdat.library.utoronto.ca/content/biulleten-soveta-rodstvennikov-uznikov-evangelskikh-khristian-baptistov-sssr-1979-no-65,,v105-src-04,Toronto Samizdat / Project for the Study of Dissidence and Samizdat,academic_catalog_item_card,Бюллетень СРУ 1979 №65,v105,,,,,,,
,https://samizdat.library.utoronto.ca/content/biulleten-soveta-rodstvennikov-uznikov-evangelskikh-khristian-baptistov-sssr-1979-no-66,,v105-src-05,Toronto Samizdat / Project for the Study of Dissidence and Samizdat,academic_catalog_item_card,Бюллетень СРУ 1979 №66,v105,,,,,,,
,https://samizdat.library.utoronto.ca/content/biulleten-soveta-rodstvennikov-uznikov-evangelskikh-khristian-baptistov-sssr-1979-no-67,,v105-src-06,Toronto Samizdat / Project for the Study of Dissidence and Samizdat,academic_catalog_item_card,Бюллетень СРУ 1979 №67,v105,,,,,,,
,https://samizdat.library.utoronto.ca/content/biulleten-soveta-rodstvennikov-uznikov-evangelskikh-khristian-baptistov-sssr-1979-no-68,,v105-src-07,Toronto Samizdat / Project for the Study of Dissidence and Samizdat,academic_catalog_item_card,Бюллетень СРУ 1979 №68,v105,,,,,,,
,https://samizdat.library.utoronto.ca/content/biulleten-soveta-rodstvennikov-uznikov-evangelskikh-khristian-baptistov-sssr-1979-no-69,,v105-src-08,Toronto Samizdat / Project for the Study of Dissidence and Samizdat,academic_catalog_item_card,Бюллетень СРУ 1979 №69,v105,,,,,,,
,https://samizdat.library.utoronto.ca/content/biulleten-soveta-rodstvennikov-uznikov-evangelskikh-khristian-baptistov-sssr-1979-no-70,,v105-src-09,Toronto Samizdat / Project for the Study of Dissidence and Samizdat,academic_catalog_item_card,Бюллетень СРУ 1979 №70,v105,,,,,,,
,https://samizdat.library.utoronto.ca/content/biulleten-soveta-rodstvennikov-uznikov-evangelskikh-khristian-baptistov-sssr-1979-no-71,,v105-src-10,Toronto Samizdat / Project for the Study of Dissidence and Samizdat,academic_catalog_item_card,Бюллетень СРУ 1979 №71,v105,,,,,,,
,https://samizdat.library.utoronto.ca/content/biulleten-soveta-rodstvennikov-uznikov-evangelskikh-khristian-baptistov-sssr-1979-no-72,,v105-src-11,Toronto Samizdat / Project for the Study of Dissidence and Samizdat,academic_catalog_item_card,Бюллетень СРУ 1979 №72,v105,,,,,,,
,https://samizdat.library.utoronto.ca/content/biulleten-soveta-rodstvennikov-uznikov-evangelskikh-khristian-baptistov-sssr-1979-no-73,,v105-src-12,Toronto Samizdat / Project for the Study of Dissidence and Samizdat,academic_catalog_item_card,Бюллетень СРУ 1979 №73,v105,,,,,,,
,https://samizdat.library.utoronto.ca/content/biulleten-soveta-rodstvennikov-uznikov-evangelskikh-khristian-baptistov-sssr-1980-no-74,,v105-src-13,Toronto Samizdat / Project for the Study of Dissidence and Samizdat,academic_catalog_item_card,Бюллетень СРУ 1980 №74,v105,,,,,,,
,https://samizdat.library.utoronto.ca/content/vestnik-spaseniia-dukhovno-nazidatelnyi-zhurnal-evangelskih-khristian-baptistov-1967-no-319,,v106-src-01,Toronto Samizdat / Project for the Study of Dissidence and Samizdat,academic_catalog_item_card,Вестник Спасения 1967 №3(19),v106,,,,,,,
,https://samizdat.library.utoronto.ca/content/biulleten-soveta-rodstvennikov-uznikov-evangelskikh-khristian-baptistov-sssr-1980-no-75,,v106-src-02,Toronto Samizdat / Project for the Study of Dissidence and Samizdat,academic_catalog_item_card,Бюллетень СРУ 1980 №75,v106,,,,,,,
,https://samizdat.library.utoronto.ca/content/biulleten-soveta-rodstvennikov-uznikov-evangelskikh-khristian-baptistov-sssr-1980-no-76,,v106-src-03,Toronto Samizdat / Project for the Study of Dissidence and Samizdat,academic_catalog_item_card,Бюллетень СРУ 1980 №76,v106,,,,,,,
,https://samizdat.library.utoronto.ca/content/biulleten-soveta-rodstvennikov-uznikov-evangelskikh-khristian-baptistov-sssr-1980-no-77,,v106-src-04,Toronto Samizdat / Project for the Study of Dissidence and Samizdat,academic_catalog_item_card,Бюллетень СРУ 1980 №77,v106,,,,,,,
,https://samizdat.library.utoronto.ca/content/biulleten-soveta-rodstvennikov-uznikov-evangelskikh-khristian-baptistov-sssr-1980-no-78,,v106-src-05,Toronto Samizdat / Project for the Study of Dissidence and Samizdat,academic_catalog_item_card,Бюллетень СРУ 1980 №78,v106,,,,,,,
,https://samizdat.library.utoronto.ca/content/biulleten-soveta-rodstvennikov-uznikov-evangelskikh-khristian-baptistov-sssr-1980-no-79,,v106-src-06,Toronto Samizdat / Project for the Study of Dissidence and Samizdat,academic_catalog_item_card,Бюллетень СРУ 1980 №79,v106,,,,,,,
,https://samizdat.library.utoronto.ca/content/biulleten-soveta-rodstvennikov-uznikov-evangelskikh-khristian-baptistov-sssr-1980-no-82,,v106-src-07,Toronto Samizdat / Project for the Study of Dissidence and Samizdat,academic_catalog_item_card,Бюллетень СРУ 1980 №82,v106,,,,,,,
,https://samizdat.library.utoronto.ca/content/biulleten-soveta-rodstvennikov-uznikov-evangelskikh-khristian-baptistov-sssr-1980-no-84,,v106-src-08,Toronto Samizdat / Project for the Study of Dissidence and Samizdat,academic_catalog_item_card,Бюллетень СРУ 1980 №84,v106,,,,,,,
,https://samizdat.library.utoronto.ca/content/biulleten-soveta-rodstvennikov-uznikov-evangelskikh-khristian-baptistov-sssr-1980-no-85,,v106-src-09,Toronto Samizdat / Project for the Study of Dissidence and Samizdat,academic_catalog_item_card,Бюллетень СРУ 1980 №85,v106,,,,,,,
,https://samizdat.library.utoronto.ca/content/biulleten-soveta-rodstvennikov-uznikov-evangelskikh-khristian-baptistov-sssr-1980-no-86,,v106-src-10,Toronto Samizdat / Project for the Study of Dissidence and Samizdat,academic_catalog_item_card,Бюллетень СРУ 1980 №86,v106,,,,,,,
,https://samizdat.library.utoronto.ca/content/vestnik-spaseniia-dukhovno-nazidatelnyi-zhurnal-evangelskih-khristian-baptistov-1965-no-210,,,Toronto Samizdat,,,,vestnik_spaseniia_1965_02_10,v107 verification anchor: Item card and Baylor/Keston copy row verified; no page count visible in current card.,,,,,
,https://samizdat.library.utoronto.ca/content/vestnik-spaseniia-dukhovno-nazidatelnyi-zhurnal-evangelskih-khristian-baptistov-1965-no-412,,,Toronto Samizdat,,,,vestnik_spaseniia_1965_04_12,"v107 verification anchor: Issue designation verified; notes mention SDSA 19 and SDSA 14 title, but no page/holding row in current card.",,,,,
,https://samizdat.library.utoronto.ca/content/vestnik-spaseniia-dukhovno-nazidatelnyi-zhurnal-evangelskih-khristian-baptistov-1966-no-113,,,Toronto Samizdat,,,,vestnik_spaseniia_1966_01_13,v107 verification anchor: Pages=36 and Baylor/Keston copy row verified.,,,,,
,https://samizdat.library.utoronto.ca/content/vestnik-spaseniia-dukhovno-nazidatelnyi-zhurnal-evangelskih-khristian-baptistov-1967-no-420,,,Toronto Samizdat,,,,vestnik_spaseniia_1967_04_20,v107 verification anchor: Pages=43; Baylor/Keston row and OSA AS 804 row visible.,,,,,
,https://samizdat.library.utoronto.ca/content/vestnik-spaseniia-dukhovno-nazidatelnyi-zhurnal-evangelskih-khristian-baptistov-1968-no-323,,,Toronto Samizdat,,,,vestnik_spaseniia_1968_03_23,v107 verification anchor: Pages=40 and Baylor/Keston copy row verified.,,,,,
,https://samizdat.library.utoronto.ca/content/vestnik-spaseniia-dukhovno-nazidatelnyi-zhurnal-evangelskih-khristian-baptistov-1972-no-238,,,Toronto Samizdat,,,,vestnik_spaseniia_1972_02_38,v107 verification anchor: Item Pages=37 and copy row pages=37; extra 2a/1972 row without page count.,,,,,
,https://samizdat.library.utoronto.ca/content/vestnik-spaseniia-dukhovno-nazidatelnyi-zhurnal-evangelskih-khristian-baptistov-1970-no-331,,,Toronto Samizdat,,,,vestnik_spaseniia_1970_03_31,"v107 verification anchor: Issue designation verified; notes mention SDSA 19 and SDSA 15 title, but no pages visible.",,,,,
,https://samizdat.library.utoronto.ca/content/vestnik-spaseniia-dukhovno-nazidatelnyi-zhurnal-evangelskih-khristian-baptistov-1970-no-432,,,Toronto Samizdat,,,,vestnik_spaseniia_1970_04_32,"v107 verification anchor: Issue designation verified; notes mention SDSA 19 and SDSA 15 title/contents, but no pages visible.",,,,,
,https://samizdat.library.utoronto.ca/content/bratskii-listok-1971-no-2-3,,,Toronto Samizdat,,,,bratskii_listok_1971_02_03,v107 verification anchor: Card confirms year and issue no. 2-3; no page/holding row visible in retrieved card.,,,,,
,https://samizdat.library.utoronto.ca/content/biulleten-soveta-rodstvennikov-uznikov-evangelskikh-khristian-baptistov-sssr-1976-no-30,,,Toronto Samizdat,,,,sru_bulletin_1976_30,v108 SRU issue-level verification: Pages=68; copy row confirms 68 pp.; Western reproduction / photocopy of hectograph manuscript.,,,,,
,https://samizdat.library.utoronto.ca/content/biulleten-soveta-rodstvennikov-uznikov-evangelskikh-khristian-baptistov-sssr-1976-no-31,,,Toronto Samizdat,,,,sru_bulletin_1976_31,"v108 SRU issue-level verification: Pages=34; two Baylor/Keston copy rows, both 34 pp.",,,,,
,https://samizdat.library.utoronto.ca/content/biulleten-soveta-rodstvennikov-uznikov-evangelskikh-khristian-baptistov-sssr-1976-no-32,,,Toronto Samizdat,,,,sru_bulletin_1976_32,"v108 SRU issue-level verification: Item Pages=58; copy rows show 56, 58, and 60 pp. Do not flatten variant.",,,,,
,https://samizdat.library.utoronto.ca/content/biulleten-soveta-rodstvennikov-uznikov-evangelskikh-khristian-baptistov-sssr-1976-no-33,,,Toronto Samizdat,,,,sru_bulletin_1976_33,v108 SRU issue-level verification: Pages=66; copy row confirms 66 pp.,,,,,
,https://samizdat.library.utoronto.ca/content/biulleten-soveta-rodstvennikov-uznikov-evangelskikh-khristian-baptistov-sssr-1976-no-34,,,Toronto Samizdat,,,,sru_bulletin_1976_34,v108 SRU issue-level verification: Item Pages=54; copy rows 54 (Bremen) and 36 (Keston). Variant preserved.,,,,,
,https://samizdat.library.utoronto.ca/content/biulleten-soveta-rodstvennikov-uznikov-evangelskikh-khristian-baptistov-sssr-1976-no-35,,,Toronto Samizdat,,,,sru_bulletin_1976_35,v108 SRU issue-level verification: Pages=50; copy row confirms 50 pp.,,,,,
,https://samizdat.library.utoronto.ca/content/biulleten-soveta-rodstvennikov-uznikov-evangelskikh-khristian-baptistov-sssr-1976-no-36,,,Toronto Samizdat,,,,sru_bulletin_1976_36,"v108 SRU issue-level verification: Item Pages=24; OSA AS2721 24 pp, Keston rows 50/50 pp. Major variant must remain flagged.",,,,,
,https://samizdat.library.utoronto.ca/content/biulleten-soveta-rodstvennikov-uznikov-evangelskikh-khristian-baptistov-sssr-1976-no-37,,,Toronto Samizdat,,,,sru_bulletin_1976_37,"v108 SRU issue-level verification: Item Pages=60; copy rows show 16, 60, 60, 41 pp.",,,,,
,https://samizdat.library.utoronto.ca/content/biulleten-soveta-rodstvennikov-uznikov-evangelskikh-khristian-baptistov-sssr-1976-no-38,,,Toronto Samizdat,,,,sru_bulletin_1976_38,"v108 SRU issue-level verification: Pages=60; two Baylor/Keston rows, both 60 pp.",,,,,
,https://samizdat.library.utoronto.ca/content/biulleten-soveta-rodstvennikov-uznikov-evangelskikh-khristian-baptistov-sssr-1977-no-39,,,Toronto Samizdat,,,,sru_bulletin_1977_39,"v108 SRU issue-level verification: Pages=50; two Baylor/Keston copy rows, both 50 pp.",,,,,
,https://samizdat.library.utoronto.ca/content/biulleten-soveta-rodstvennikov-uznikov-evangelskikh-khristian-baptistov-sssr-1977-no-40,,,Toronto Samizdat,,,,sru_bulletin_1977_40,v108 SRU issue-level verification: Pages=54; copy row confirms 54 pp.,,,,,
,https://samizdat.library.utoronto.ca/content/biulleten-soveta-rodstvennikov-uznikov-evangelskikh-khristian-baptistov-sssr-1977-no-41,,,Toronto Samizdat,,,,sru_bulletin_1977_41,v108 SRU issue-level verification: Pages=60; copy row confirms 60 pp.,,,,,
toronto_sru_1977_42,https://samizdat.library.utoronto.ca/content/biulleten-soveta-rodstvennikov-uznikov-evangelskikh-khristian-baptistov-sssr-1977-no-42,,,,,,v109,,,Toronto: Biulleten SRU 1977 no.42,item_card,Pages + holding/copy rows; variant 76/78 pages,,
toronto_sru_1977_43,https://samizdat.library.utoronto.ca/content/biulleten-soveta-rodstvennikov-uznikov-evangelskikh-khristian-baptistov-sssr-1977-no-43,,,,,,v109,,,Toronto: Biulleten SRU 1977 no.43,item_card,Pages + holding/copy rows; variant 27/46 pages,,
toronto_sru_1977_44,https://samizdat.library.utoronto.ca/content/biulleten-soveta-rodstvennikov-uznikov-evangelskikh-khristian-baptistov-sssr-1977-no-44,,,,,,v109,,,Toronto: Biulleten SRU 1977 no.44,item_card,Pages + matching 88-page copy rows,,
toronto_sru_1977_45,https://samizdat.library.utoronto.ca/content/biulleten-soveta-rodstvennikov-uznikov-evangelskikh-khristian-baptistov-sssr-1977-no-45,,,,,,v109,,,Toronto: Biulleten SRU 1977 no.45,item_card,Pages + 68-page Baylor/Keston copy row,,
toronto_sru_1977_46,https://samizdat.library.utoronto.ca/content/biulleten-soveta-rodstvennikov-uznikov-evangelskikh-khristian-baptistov-sssr-1977-no-46,,,,,,v109,,,Toronto: Biulleten SRU 1977 no.46,item_card,Pages + holding/copy rows; variant 40/50 pages,,
toronto_sru_1978_47,https://samizdat.library.utoronto.ca/content/biulleten-soveta-rodstvennikov-uznikov-evangelskikh-khristian-baptistov-sssr-1978-no-47,,,,,,v109,,,Toronto: Biulleten SRU 1978 no.47,item_card,Pages + two matching 30-page copy rows,,
toronto_sru_1978_49,https://samizdat.library.utoronto.ca/content/biulleten-soveta-rodstvennikov-uznikov-evangelskikh-khristian-baptistov-sssr-1978-no-49,,,,,,v109,,,Toronto: Biulleten SRU 1978 no.49,item_card,Pages + 42-page Baylor/Keston copy row,,
,https://samizdat.library.utoronto.ca/content/biulleten-soveta-rodstvennikov-uznikov-evangelskikh-khristian-baptistov-sssr-1978-no-52,,,Toronto Samizdat,,,,sru_bulletin_1978_52,"v110 SRU issue verification: Pages=30; copy row confirms Baylor/Keston SU/Ini 11/10 Bulletin S 1978 2 of 3 no.52 as Western reproduction / photocopy of typescript, 30 pp.",,,,,
,https://samizdat.library.utoronto.ca/content/biulleten-soveta-rodstvennikov-uznikov-evangelskikh-khristian-baptistov-sssr-1978-no-53,,,Toronto Samizdat,,,,sru_bulletin_1978_53,"v110 SRU issue verification: Pages=48; copy row confirms Baylor/Keston SU/Ini 11/10 Bulletin S 1978 2 of 3 no.53 as Western reproduction / photocopy of typescript, 48 pp.",,,,,
,https://samizdat.library.utoronto.ca/content/biulleten-soveta-rodstvennikov-uznikov-evangelskikh-khristian-baptistov-sssr-1978-no-55,,,Toronto Samizdat,,,,sru_bulletin_1978_55,"v110 SRU issue verification: Pages=44; copy row confirms Baylor/Keston SU/Ini 11/10 Bulletin S 1978 3 of 3 no.55 as Western reproduction / photocopy of typescript, 44 pp.",,,,,
,https://samizdat.library.utoronto.ca/content/biulleten-soveta-rodstvennikov-uznikov-evangelskikh-khristian-baptistov-sssr-1978-no-56,,,Toronto Samizdat,,,,sru_bulletin_1978_56,"v110 SRU issue verification: Pages=38; copy row confirms Baylor/Keston SU/Ini 11/10 Bulletin S 1978 3 of 3 no.56 as Western reproduction / photocopy of typescript, 38 pp.",,,,,
,https://samizdat.library.utoronto.ca/content/biulleten-soveta-rodstvennikov-uznikov-evangelskikh-khristian-baptistov-sssr-1978-no-58,,,Toronto Samizdat,,,,sru_bulletin_1978_58,"v110 SRU issue verification: Item card has copy row at Research Centre for East European Studies, Bremen University, F.40 Feliks Perchenok (58), medium samizdat unknown; no Pages field visible.",,,,,
,https://samizdat.library.utoronto.ca/content/biulleten-soveta-rodstvennikov-uznikov-evangelskikh-khristian-baptistov-sssr-1978-no-59,,,Toronto Samizdat,,,,sru_bulletin_1978_59,"v110 SRU issue verification: Pages=22; copy row confirms Bremen F.40 Feliks Perchenok (59), samizdat unknown, 22 pp.",,,,,
,https://samizdat.library.utoronto.ca/content/biulleten-soveta-rodstvennikov-uznikov-evangelskikh-khristian-baptistov-sssr-1978-no-60,,,Toronto Samizdat,,,,sru_bulletin_1978_60,"v110 SRU issue verification: Item Pages=28; Bremen copy row 28 pp; Baylor/Keston copy row gives 66 pp, likely different copy/compilation; variant preserved.",,,,,
,https://samizdat.library.utoronto.ca/content/biulleten-soveta-rodstvennikov-uznikov-evangelskikh-khristian-baptistov-sssr-1978,,,Toronto Samizdat,,,,sru_bulletin_1978_year_bundle,v110 SRU issue verification: Toronto has a 1978 year-level item with Pages=16 and Baylor/Keston copy row; no issue number shown. Keep separate from numbered issues until scan/title page check.,,,,,
toronto_sru_bulletin_1975_19,https://samizdat.library.utoronto.ca/content/biulleten-soveta-rodstvennikov-uznikov-evangelskikh-khristian-baptistov-sssr-1975-no-19,1975 no. 19: holdings_page_verified; pages=42; holding=Baylor/Keston,,Toronto Samizdat,academic catalog / item card,holdings/page verification,v111,,,,item_card,Metadata only; not a substitute for local scan/OCR/visual title-page check.,,
toronto_sru_bulletin_1975_20,https://samizdat.library.utoronto.ca/content/biulleten-soveta-rodstvennikov-uznikov-evangelskikh-khristian-baptistov-sssr-1975-no-20,1975 no. 20: holdings_page_verified; pages=42; holding=Baylor/Keston,,Toronto Samizdat,academic catalog / item card,holdings/page verification,v111,,,,item_card,Metadata only; not a substitute for local scan/OCR/visual title-page check.,,
toronto_sru_bulletin_1975_21,https://samizdat.library.utoronto.ca/content/biulleten-soveta-rodstvennikov-uznikov-evangelskikh-khristian-baptistov-sssr-1975-no-21,1975 no. 21: holdings_page_verified; pages=52; holding=Baylor/Keston,,Toronto Samizdat,academic catalog / item card,holdings/page verification,v111,,,,item_card,Metadata only; not a substitute for local scan/OCR/visual title-page check.,,
toronto_sru_bulletin_1975_22,https://samizdat.library.utoronto.ca/content/biulleten-soveta-rodstvennikov-uznikov-evangelskikh-khristian-baptistov-sssr-1975-no-22,1975 no. 22: holdings_page_verified; pages=20; holding=Baylor/Keston,,Toronto Samizdat,academic catalog / item card,holdings/page verification,v111,,,,item_card,Metadata only; not a substitute for local scan/OCR/visual title-page check.,,
toronto_sru_bulletin_1975_23,https://samizdat.library.utoronto.ca/content/biulleten-soveta-rodstvennikov-uznikov-evangelskikh-khristian-baptistov-sssr-1975-no-23,1975 no. 23: holdings_page_verified_with_duplicate_copy; pages=23; duplicate copy 23; holding=Baylor/Keston,,Toronto Samizdat,academic catalog / item card,holdings/page verification,v111,,,,item_card,Metadata only; not a substitute for local scan/OCR/visual title-page check.,,
toronto_sru_bulletin_1975_25,https://samizdat.library.utoronto.ca/content/biulleten-soveta-rodstvennikov-uznikov-evangelskikh-khristian-baptistov-sssr-1975-no-25,1975 no. 25: holdings_page_verified; pages=44; holding=Baylor/Keston,,Toronto Samizdat,academic catalog / item card,holdings/page verification,v111,,,,item_card,Metadata only; not a substitute for local scan/OCR/visual title-page check.,,
toronto_sru_bulletin_1975_26,https://samizdat.library.utoronto.ca/content/biulleten-soveta-rodstvennikov-uznikov-evangelskikh-khristian-baptistov-sssr-1975-no-26,1975 no. 26: holdings_page_verified; pages=29; holding=Baylor/Keston,,Toronto Samizdat,academic catalog / item card,holdings/page verification,v111,,,,item_card,Metadata only; not a substitute for local scan/OCR/visual title-page check.,,
toronto_sru_bulletin_1975_28,https://samizdat.library.utoronto.ca/content/biulleten-soveta-rodstvennikov-uznikov-evangelskikh-khristian-baptistov-sssr-1975-no-28,1975 no. 28: holdings_page_verified_with_duplicate_copy; pages=48; three copy rows all 48; holding=Baylor/Keston,,Toronto Samizdat,academic catalog / item card,holdings/page verification,v111,,,,item_card,Metadata only; not a substitute for local scan/OCR/visual title-page check.,,
toronto_sru_bulletin_1976_29,https://samizdat.library.utoronto.ca/content/biulleten-soveta-rodstvennikov-uznikov-evangelskikh-khristian-baptistov-sssr-1976-no-29,1976 no. 29: holdings_page_verified; pages=40; holding=Baylor/Keston,,Toronto Samizdat,academic catalog / item card,holdings/page verification,v111,,,,item_card,Metadata only; not a substitute for local scan/OCR/visual title-page check.,,
,https://samizdat.library.utoronto.ca/content/biulleten-soveta-rodstvennikov-uznikov-evangelskikh-khristian-baptistov-sssr-1972-no-9,,,Toronto Samizdat,,,,sru_bulletin_1972_09,v112 SRU issue verification: Item Pages=26; Baylor/Keston copy row gives 26 pp; AS 1205 reproduction row is listed with 0 pages. Treat the zero-page row as a catalog anomaly until file check.,,,,,
,https://samizdat.library.utoronto.ca/content/biulleten-soveta-rodstvennikov-uznikov-evangelskikh-khristian-baptistov-sssr-1972-no-10,,,Toronto Samizdat,,,,sru_bulletin_1972_10,v112 SRU issue verification: Item Pages=68; two Baylor/Keston rows both give 68 pp: hectograph manuscript and western reproduction/photocopy of typescript.,,,,,
,https://samizdat.library.utoronto.ca/content/biulleten-soveta-rodstvennikov-uznikov-evangelskikh-khristian-baptistov-sssr-1973-no-11,,,Toronto Samizdat,,,,sru_bulletin_1973_11,v112 SRU issue verification: Item Pages=59; OSA AS 1337 copy row gives 60 pp; Baylor/Keston copy row gives 59 pp; another Baylor/Keston AS row has no visible page count.,,,,,
,https://samizdat.library.utoronto.ca/content/biulleten-soveta-rodstvennikov-uznikov-evangelskikh-khristian-baptistov-sssr-1973-no-12,,,Toronto Samizdat,,,,sru_bulletin_1973_12,v112 SRU issue verification: Item Pages=28; two Baylor/Keston rows show 28 pp; AS 1370 row has no visible page count.,,,,,
,https://samizdat.library.utoronto.ca/content/biulleten-soveta-rodstvennikov-uznikov-evangelskikh-khristian-baptistov-sssr-1974-no-14,,,Toronto Samizdat,,,,sru_bulletin_1974_14,"v112 SRU issue verification: Item Pages=74; Baylor/Keston copy row gives 74 pp, hectograph of manuscript.",,,,,
,https://samizdat.library.utoronto.ca/content/biulleten-soveta-rodstvennikov-uznikov-evangelskikh-khristian-baptistov-sssr-1974-no-15,,,Toronto Samizdat,,,,sru_bulletin_1974_15,v112 SRU issue verification: Item Pages=20; two Baylor/Keston rows give 20 pp each: samizdat unknown hectograph manuscript and western reproduction photocopy.,,,,,
,https://samizdat.library.utoronto.ca/content/biulleten-soveta-rodstvennikov-uznikov-evangelskikh-khristian-baptistov-sssr-1974-no-16,,,Toronto Samizdat,,,,sru_bulletin_1974_16,v112 SRU issue verification: Item Pages=38; copy row 1 of 2 gives 38 pp; copy row 2 of 2 gives 37 pp. Variant preserved.,,,,,
,https://samizdat.library.utoronto.ca/content/biulleten-soveta-rodstvennikov-uznikov-evangelskikh-khristian-baptistov-sssr-1974-no-17,,,Toronto Samizdat,,,,sru_bulletin_1974_17,v112 SRU issue verification: Item Pages=33; one Baylor/Keston row gives 33 pp; AS 2037 row has no visible page count.,,,,,
,https://samizdat.library.utoronto.ca/content/biulleten-soveta-rodstvennikov-uznikov-evangelskikh-khristian-baptistov-sssr-1974-no-18,,,Toronto Samizdat,,,,sru_bulletin_1974_18,"v112 SRU issue verification: Item Pages=33; Baylor/Keston copy row confirms samizdat unknown photocopy of manuscript, 33 pp.",,,,,
,https://samizdat.library.utoronto.ca/content/biulleten-soveta-rodstvennikov-uznikov-evangelskikh-khristian-baptistov-sssr-1971-no-2,,,Toronto Samizdat,,,,,v113: no.2 page/holding verification,,,,,
,https://samizdat.library.utoronto.ca/content/biulleten-soveta-rodstvennikov-uznikov-evangelskikh-khristian-baptistov-sssr-1971-no-3,,,Toronto Samizdat,,,,,v113: no.3 page/holding verification,,,,,
,https://samizdat.library.utoronto.ca/content/biulleten-soveta-rodstvennikov-uznikov-evangelskikh-khristian-baptistov-sssr-1971-no-4,,,Toronto Samizdat,,,,,v113: no.4 page/holding verification,,,,,
,https://samizdat.library.utoronto.ca/content/biulleten-soveta-rodstvennikov-uznikov-evangelskikh-khristian-baptistov-sssr-1971-no-5,,,Toronto Samizdat,,,,,v113: no.5 page/holding verification,,,,,
,https://samizdat.library.utoronto.ca/content/biulleten-soveta-rodstvennikov-uznikov-evangelskikh-khristian-baptistov-sssr-1972-no-7,,,Toronto Samizdat,,,,,v113: no.7 variant verification,,,,,
,https://samizdat.library.utoronto.ca/content/biulleten-soveta-rodstvennikov-uznikov-evangelskikh-khristian-baptistov-sssr-1972-no-8,,,Toronto Samizdat,,,,,v113: no.8 page/holding verification,,,,,
,https://samizdat.library.utoronto.ca/content/biulleten-soveta-rodstvennikov-uznikov-evangelskikh-khristian-baptistov-sssr-1974-no-13,,,Toronto Samizdat,,,,,v113: no.13 page/holding verification,,,,,
,https://samizdat.library.utoronto.ca/content/biulleten-soveta-rodstvennikov-uznikov-evangelskikh-khristian-baptistov-sssr-1984-no-119,,,Toronto Samizdat,,,,,v113: no.119 page/holding verification,,,,,
toronto_bratskii_listok_v115,https://samizdat.library.utoronto.ca/content/bratskii-listok,,,,,,,,,,,,item_cards,"v115 Bratskii Listok item-card batch: 1971 no.7-8/9-10, 1972 no.1/4/6, 1973 no.4, 1974 no.1, 1975 no.2/4/5."
bratskii_listok_1975_06_source,https://samizdat.library.utoronto.ca/content/bratskii-listok-1975-no-6,Toronto item card confirms no.6 and Baylor/Keston Western reproduction / photocopy of print row; no visible page-count.,,Toronto Samizdat,high for item/holding designation; not enough for quotation,1975 no. 6,v115,,,,,,,
bratskii_listok_1976_01_source,https://samizdat.library.utoronto.ca/content/bratskii-listok-1976-no-1,Toronto item card confirms no.1 and note Published in BRAT; retrieved card shows no holding/page rows.,,Toronto Samizdat,high for item/holding designation; not enough for quotation,1976 no. 1,v115,,,,,,,
bratskii_listok_1976_06_source,https://samizdat.library.utoronto.ca/content/bratskii-listok-1976-no-6,Toronto item card confirms no.6 and note Published in BRAT; retrieved card shows no holding/page rows.,,Toronto Samizdat,high for item/holding designation; not enough for quotation,1976 no. 6,v115,,,,,,,
bratskii_listok_1977_01_source,https://samizdat.library.utoronto.ca/content/bratskii-listok-1977-no-1,Toronto item card lists Baylor/Keston printed copy and Western reproduction / photocopy rows; no visible page-count.,,Toronto Samizdat,high for item/holding designation; not enough for quotation,1977 no. 1,v115,,,,,,,
bratskii_listok_1977_02_source,https://samizdat.library.utoronto.ca/content/bratskii-listok-1977-no-2,Toronto item card lists Baylor/Keston printed copy row; no visible page-count.,,Toronto Samizdat,high for item/holding designation; not enough for quotation,1977 no. 2,v115,,,,,,,
bratskii_listok_1977_03_source,https://samizdat.library.utoronto.ca/content/bratskii-listok-1977-no-3,Toronto item card confirms no.3 and note Published in BRAT; retrieved card shows no holding/page rows.,,Toronto Samizdat,high for item/holding designation; not enough for quotation,1977 no. 3,v115,,,,,,,
bratskii_listok_1977_04_source,https://samizdat.library.utoronto.ca/content/bratskii-listok-1977-no-4,Toronto item card gives designation № 4 1977 and two Baylor/Keston rows (printed + photocopy); no visible page-count.,,Toronto Samizdat,high for item/holding designation; not enough for quotation,1977 no. 4,v115,,,,,,,
bratskii_listok_1977_05_source,https://samizdat.library.utoronto.ca/content/bratskii-listok-1977-no-5,Toronto item card lists Baylor/Keston Western reproduction / photocopy row; no visible page-count.,,Toronto Samizdat,high for item/holding designation; not enough for quotation,1977 no. 5,v115,,,,,,,
bratskii_listok_1977_06_source,https://samizdat.library.utoronto.ca/content/bratskii-listok-1977-no-6,Toronto item card lists Baylor/Keston printed copy and Western reproduction / photocopy rows; no visible page-count.,,Toronto Samizdat,high for item/holding designation; not enough for quotation,1977 no. 6,v115,,,,,,,
bratskii_listok_1978_01_source,https://samizdat.library.utoronto.ca/content/bratskii-listok-1978-no-1,Toronto item card confirms BRATSKII LISTOK 1978 no.1 with note Published in BRAT; no visible holding/page rows.,,Toronto Samizdat,high for issue/holding designation; not enough for quotation,1978 no. 1,v116,,,,,,,
bratskii_listok_1978_02_source,https://samizdat.library.utoronto.ca/content/bratskii-listok-1978-no-2,Designation №2 1978; Baylor/Keston Folder SU/Ini11/10 row; no visible page-count.,,Toronto Samizdat,high for issue/holding designation; not enough for quotation,1978 no. 2,v116,,,,,,,
bratskii_listok_1978_03_source,https://samizdat.library.utoronto.ca/content/bratskii-listok-1978-no-3,Designation №3 1978; Baylor/Keston printed row plus Western reproduction copy with Pages=0; keep anomaly.,,Toronto Samizdat,high for issue/holding designation; not enough for quotation,1978 no. 3,v116,,,,,,,
bratskii_listok_1978_04_source,https://samizdat.library.utoronto.ca/content/bratskii-listok-1978-no-4,Toronto item card confirms issue and note Published in BRAT; no visible holdings/pages.,,Toronto Samizdat,high for issue/holding designation; not enough for quotation,1978 no. 4,v116,,,,,,,
bratskii_listok_1978_05_source,https://samizdat.library.utoronto.ca/content/bratskii-listok-1978-no-5,Toronto item card confirms issue and note Published in BRAT; no visible holdings/pages.,,Toronto Samizdat,high for issue/holding designation; not enough for quotation,1978 no. 5,v116,,,,,,,
bratskii_listok_1978_06_source,https://samizdat.library.utoronto.ca/content/bratskii-listok-1978-no-6,"Toronto item card lists Baylor/Keston Folder SU/Ini11/10 Bratskii Listok (6/1978), printed copy; no visible page-count.",,Toronto Samizdat,high for issue/holding designation; not enough for quotation,1978 no. 6,v116,,,,,,,
bratskii_listok_1979_01_source,https://samizdat.library.utoronto.ca/content/bratskii-listok-1979-no-1,"Toronto item card lists Baylor/Keston Folder SU/Ini11/10 Bratskii Listok (1/1979), Western reproduction photocopy of print; no visible page-count.",,Toronto Samizdat,high for issue/holding designation; not enough for quotation,1979 no. 1,v116,,,,,,,
bratskii_listok_1979_02_source,https://samizdat.library.utoronto.ca/content/bratskii-listok-1979-no-2,"Toronto item card lists Baylor/Keston Folder SU/Ini11/10 Bratskii Listok (2/1979), Western reproduction photocopy of print; no visible page-count.",,Toronto Samizdat,high for issue/holding designation; not enough for quotation,1979 no. 2,v116,,,,,,,
bratskii_listok_1979_03_source,https://samizdat.library.utoronto.ca/content/bratskii-listok-1979-no-3,"Toronto item card lists Baylor/Keston Folder SU/Ini11/10 Bratskii Listok (3/1979), Western reproduction photocopy of print; no visible page-count.",,Toronto Samizdat,high for issue/holding designation; not enough for quotation,1979 no. 3,v116,,,,,,,
bratskii_listok_1979_04_05_source,https://samizdat.library.utoronto.ca/content/bratskii-listok-1979-no-4-5,Designation №4-5 1979; two Baylor/Keston rows: printed copy and Western reproduction photocopy; no visible page-count.,,Toronto Samizdat,high for issue/holding designation; not enough for quotation,1979 no. 4-5,v116,,,,,,,
bratskii_listok_1979_06_source,https://samizdat.library.utoronto.ca/content/bratskii-listok-1979-no-6,"Toronto item card lists Baylor/Keston Folder SU/Ini11/10 Bratskii Listok (6/1979), Western reproduction photocopy of print; no visible page-count.",,Toronto Samizdat,high for issue/holding designation; not enough for quotation,1979 no. 6,v116,,,,,,,
bratskii_listok_1980_01_source,https://samizdat.library.utoronto.ca/content/bratskii-listok-1980-no-1,Designation №1 1980; four Baylor/Keston rows: printed/photocopy/photograph variants; no visible page-count.,,Toronto Samizdat,high for issue/holding designation; not enough for quotation,1980 no. 1,v116,,,,,,,
bratskii_listok_1980_02_source,https://samizdat.library.utoronto.ca/content/bratskii-listok-1980-no-2,Toronto item card lists Baylor/Keston 2/1980 and 2a/1980 rows; no visible page-count.,,Toronto Samizdat,high for issue/holding designation; not enough for quotation,1980 no. 2,v116,,,,,,,
bratskii_listok_1980_03_source,https://samizdat.library.utoronto.ca/content/bratskii-listok-1980-no-3,Toronto item card lists Baylor/Keston 3/1980 and 3a/1980 rows; no visible page-count.,,Toronto Samizdat,high for issue/holding designation; not enough for quotation,1980 no. 3,v116,,,,,,,
bratskii_listok_1980_05_source,https://samizdat.library.utoronto.ca/content/bratskii-listok-1980-no-5,Toronto item card lists Baylor/Keston rows (5/1980 printed copy and 5a/1980 Western reproduction / photocopy of print); no visible page-count.,,Toronto Samizdat,high for issue/holding designation; not enough for quotation,1980 no. 5,v117,,,,,,,
bratskii_listok_1980_06_source,https://samizdat.library.utoronto.ca/content/bratskii-listok-1980-no-6,Toronto item card confirms year/number and note Published in BRAT; retrieved card shows no visible holding/page rows.,,Toronto Samizdat,high for issue/holding designation; not enough for quotation,1980 no. 6,v117,,,,,,,
bratskii_listok_1981_01_source,https://samizdat.library.utoronto.ca/content/bratskii-listok-1981-no-1,Toronto item card lists Baylor/Keston rows (1/1981 printed copy and 1a/1981 Western reproduction / photocopy of print); no visible page-count.,,Toronto Samizdat,high for issue/holding designation; not enough for quotation,1981 no. 1,v117,,,,,,,
bratskii_listok_1981_02_source,https://samizdat.library.utoronto.ca/content/bratskii-listok-1981-no-2,Toronto item card lists Baylor/Keston rows (2/1981 printed copy and 2a/1981 photocopy of print); no visible page-count.,,Toronto Samizdat,high for issue/holding designation; not enough for quotation,1981 no. 2,v117,,,,,,,
bratskii_listok_1981_03_source,https://samizdat.library.utoronto.ca/content/bratskii-listok-1981-no-3,Toronto item card lists Baylor/Keston rows (3/1981 printed copy and 3a/1981 Western reproduction / photocopy of print); no visible page-count.,,Toronto Samizdat,high for issue/holding designation; not enough for quotation,1981 no. 3,v117,,,,,,,
bratskii_listok_1981_04_source,https://samizdat.library.utoronto.ca/content/bratskii-listok-1981-no-4,Toronto item card gives designation №4 1981 and Baylor/Keston rows (printed copy and Western reproduction / photograph of print); no visible page-count.,,Toronto Samizdat,high for issue/holding designation; not enough for quotation,1981 no. 4,v117,,,,,,,
bratskii_listok_1981_05_source,https://samizdat.library.utoronto.ca/content/bratskii-listok-1981-no-5,Toronto item card confirms year/number and note Published in BRAT; no visible holding/page rows.,,Toronto Samizdat,high for issue/holding designation; not enough for quotation,1981 no. 5,v117,,,,,,,
bratskii_listok_1981_06_source,https://samizdat.library.utoronto.ca/content/bratskii-listok-1981-no-6,Toronto item card confirms year/number and note Published in BRAT; no visible holding/page rows.,,Toronto Samizdat,high for issue/holding designation; not enough for quotation,1981 no. 6,v117,,,,,,,
bratskii_listok_1982_02_source,https://samizdat.library.utoronto.ca/content/bratskii-listok-1982-no-2,Toronto item card confirms year/number and note Published in BRAT; no visible holding/page rows.,,Toronto Samizdat,high for issue/holding designation; not enough for quotation,1982 no. 2,v117,,,,,,,
bratskii_listok_1982_03_source,https://samizdat.library.utoronto.ca/content/bratskii-listok-1982-no-3,Toronto item card gives designation №3 1982 and Baylor/Keston rows (printed copy and Western reproduction / photocopy of print); no visible page-count.,,Toronto Samizdat,high for issue/holding designation; not enough for quotation,1982 no. 3,v117,,,,,,,
bratskii_listok_1982_06_source,https://samizdat.library.utoronto.ca/content/bratskii-listok-1982-no-6,Toronto item card confirms year/number and note Published in BRAT; no visible holding/page rows.,,Toronto Samizdat,high for issue/holding designation; not enough for quotation,1982 no. 6,v117,,,,,,,
bratskii_listok_1983_01_source,https://samizdat.library.utoronto.ca/content/bratskii-listok-1983-no-1,Toronto item card gives designation №1 1983 and Baylor/Keston rows (printed copy and Western reproduction / photocopy of print); no visible page-count.,,Toronto Samizdat,high for issue/holding designation; not enough for quotation,1983 no. 1,v117,,,,,,,
bratskii_listok_1983_02_source,https://samizdat.library.utoronto.ca/content/bratskii-listok-1983-no-2,Toronto item card confirms year/number and note Published in BRAT; no visible holding/page rows.,,Toronto Samizdat,high for issue/holding designation; not enough for quotation,1983 no. 2,v117,,,,,,,
bratskii_listok_1983_03_source,https://samizdat.library.utoronto.ca/content/bratskii-listok-1983-no-3,Toronto item card lists Baylor/Keston rows (3/1983 printed copy and 3a/1983 Western reproduction / photocopy of print); no visible page-count.,,Toronto Samizdat,high for issue/holding designation; not enough for quotation,1983 no. 3,v117,,,,,,,
toronto_brat_1983_04,https://samizdat.library.utoronto.ca/content/bratskii-listok-1983-no-4,"BRATSKII LISTOK 1983 no. 4: holdings_verified_no_page_count_duplicate_copy; Baylor/Keston: printed copy + Western reproduction photocopy; v118: two copy rows visible, no page-count.",,Toronto Samizdat,academic catalog / item card,v118 proof status ledger,v118,,,,web-catalog-item,,,
toronto_brat_1983_05_06,https://samizdat.library.utoronto.ca/content/bratskii-listok-1983-no-5-6,BRATSKII LISTOK 1983 no. 5-6: item_designation_verified; No visible copy rows in retrieved card; v118: card confirms issue 5-6 and Published in BRAT; no holding/page rows.,,Toronto Samizdat,academic catalog / item card,v118 proof status ledger,v118,,,,web-catalog-item,,,
toronto_brat_1984_01,https://samizdat.library.utoronto.ca/content/bratskii-listok-1984-no-1,"BRATSKII LISTOK 1984 no. 1: holdings_verified_no_page_count_duplicate_copy; Baylor/Keston: printed copy + Western reproduction photocopy; v118: two copy rows visible, no page-count.",,Toronto Samizdat,academic catalog / item card,v118 proof status ledger,v118,,,,web-catalog-item,,,
toronto_brat_1984_02,https://samizdat.library.utoronto.ca/content/bratskii-listok-1984-no-2,BRATSKII LISTOK 1984 no. 2: item_designation_verified; No visible copy rows in retrieved card; v118: card confirms issue 2 only; no holding/page rows.,,Toronto Samizdat,academic catalog / item card,v118 proof status ledger,v118,,,,web-catalog-item,,,
toronto_brat_1984_05_06,https://samizdat.library.utoronto.ca/content/bratskii-listok-1984-no-5-6,"BRATSKII LISTOK 1984 no. 5-6: holdings_verified_no_page_count; Baylor/Keston Western reproduction printed copy; v118: holding row visible, no page-count.",,Toronto Samizdat,academic catalog / item card,v118 proof status ledger,v118,,,,web-catalog-item,,,
toronto_brat_1985_01,https://samizdat.library.utoronto.ca/content/bratskii-listok-1985-no-1,BRATSKII LISTOK 1985 no. 1: item_designation_verified; No visible copy rows in retrieved card; v118: Published in BRAT; no holding/page rows.,,Toronto Samizdat,academic catalog / item card,v118 proof status ledger,v118,,,,web-catalog-item,,,
toronto_brat_1985_02,https://samizdat.library.utoronto.ca/content/bratskii-listok-1985-no-2,BRATSKII LISTOK 1985 no. 2: item_designation_verified; No visible copy rows in retrieved card; v118: Published in BRAT; no holding/page rows.,,Toronto Samizdat,academic catalog / item card,v118 proof status ledger,v118,,,,web-catalog-item,,,
toronto_brat_1985_03_04,https://samizdat.library.utoronto.ca/content/bratskii-listok-1985-no-3-4,BRATSKII LISTOK 1985 no. 3-4: item_designation_verified; No visible copy rows in retrieved card; v118: Published in BRAT; no holding/page rows.,,Toronto Samizdat,academic catalog / item card,v118 proof status ledger,v118,,,,web-catalog-item,,,
toronto_brat_1985_05_06,https://samizdat.library.utoronto.ca/content/bratskii-listok-1985-no-5-6,BRATSKII LISTOK 1985 no. 5-6: item_designation_verified; No visible copy rows in retrieved card; v118: Published in BRAT; no holding/page rows.,,Toronto Samizdat,academic catalog / item card,v118 proof status ledger,v118,,,,web-catalog-item,,,
toronto_brat_1986_01,https://samizdat.library.utoronto.ca/content/bratskii-listok-1986-no-1,BRATSKII LISTOK 1986 no. 1: item_designation_verified; No visible copy rows in retrieved card; v118: Published in BRAT; no holding/page rows.,,Toronto Samizdat,academic catalog / item card,v118 proof status ledger,v118,,,,web-catalog-item,,,
toronto_brat_1986_02,https://samizdat.library.utoronto.ca/content/bratskii-listok-1986-no-2,BRATSKII LISTOK 1986 no. 2: item_designation_verified; No visible copy rows in retrieved card; v118: card confirms issue 2; no holding/page rows.,,Toronto Samizdat,academic catalog / item card,v118 proof status ledger,v118,,,,web-catalog-item,,,
toronto_brat_1986_03_04,https://samizdat.library.utoronto.ca/content/bratskii-listok-1986-no-3-4,"BRATSKII LISTOK 1986 no. 3-4: holdings_verified_no_page_count; Baylor/Keston printed copy; v118: single Baylor/Keston holding row, no page-count.",,Toronto Samizdat,academic catalog / item card,v118 proof status ledger,v118,,,,web-catalog-item,,,
toronto_brat_1986_06,https://samizdat.library.utoronto.ca/content/bratskii-listok-1986-no-6,"BRATSKII LISTOK 1986 no. 6: holdings_verified_no_page_count_duplicate_copy; Baylor/Keston: printed copy + Western reproduction photocopy; v118: two copy rows visible, no page-count.",,Toronto Samizdat,academic catalog / item card,v118 proof status ledger,v118,,,,web-catalog-item,,,
toronto_brat_1965_01,https://samizdat.library.utoronto.ca/content/bratskii-listok-1965-no-1,BRATSKII LISTOK 1965 no.1 item/holding card; Baylor/Keston hectograph manuscript; no page-count.,,,,,,,,,,Toronto Samizdat item card,catalog/holding,v119
toronto_brat_1965_02_03,https://samizdat.library.utoronto.ca/content/bratskii-listok-1965-no-2-3,BRATSKII LISTOK 1965 no.2-3 with Baylor/Keston + OSA AS785; no page-count.,,,,,,,,,,Toronto Samizdat item card,catalog/holding,v119
toronto_brat_1965_07,https://samizdat.library.utoronto.ca/content/bratskii-listok-1965-no-7,BRATSKII LISTOK 1965 no.7 with Baylor/Keston + OSA AS790; no page-count.,,,,,,,,,,Toronto Samizdat item card,catalog/holding,v119
toronto_brat_1965_08_09_10,https://samizdat.library.utoronto.ca/content/bratskii-listok-1965-no-8,BRATSKII LISTOK 1965 no.8 plus no.9-10 checked as item-designation only.,,,,,,,,,,Toronto Samizdat item cards,catalog/item,v119
toronto_brat_1966_block,https://samizdat.library.utoronto.ca/content/bratskii-listok-1966-no-1,BRATSKII LISTOK 1966 no.1/2-3/4/5/6/7/8/12 checked; item cards mostly designation-only.,,,,,,,,,,Toronto Samizdat item cards,catalog/item,v119
brat_1967_01,https://samizdat.library.utoronto.ca/content/bratskii-listok-1967-no-1,"BRATSKII LISTOK 1967 no. 1: Item card confirms year, no.1, January, Published in BRAT; no visible holding/page rows in retrieved card.",,Toronto Samizdat,,,v120,,,,,,,
brat_1967_02,https://samizdat.library.utoronto.ca/content/bratskii-listok-1967-no-2,"BRATSKII LISTOK 1967 no. 2: Item card confirms year, no.2, February, Published in BRAT; no visible holding/page rows in retrieved card.",,Toronto Samizdat,,,v120,,,,,,,
brat_1967_03,https://samizdat.library.utoronto.ca/content/bratskii-listok-1967-no-3,"BRATSKII LISTOK 1967 no. 3: Item card confirms year, no.3, March, Published in BRAT; no visible holding/page rows in retrieved card.",,Toronto Samizdat,,,v120,,,,,,,
brat_1968_03,https://samizdat.library.utoronto.ca/content/bratskii-listok-1968-no-3,BRATSKII LISTOK 1968 no. 3: Designation March 1968 no.3; 10 pages; Baylor/Keston copy 10 pp; OSA AS805 crosscheck.,,Toronto Samizdat,,,v120,,,,,,,
brat_1968_05,https://samizdat.library.utoronto.ca/content/bratskii-listok-1968-no-5,BRATSKII LISTOK 1968 no. 5: Baylor/Keston and OSA AS809 rows visible; no page-count in retrieved card.,,Toronto Samizdat,,,v120,,,,,,,
brat_1968_11,https://samizdat.library.utoronto.ca/content/bratskii-listok-1968-no-11,BRATSKII LISTOK 1968 no. 11: Designation November 1968 no.11; 3 pages; Baylor/Keston copy 3 pp; OSA AS814 crosscheck.,,Toronto Samizdat,,,v120,,,,,,,
brat_1969_05,https://samizdat.library.utoronto.ca/content/bratskii-listok-1969-no-5,BRATSKII LISTOK 1969 no. 5: Baylor/Keston and OSA AS829 rows visible; no page-count in retrieved card.,,Toronto Samizdat,,,v120,,,,,,,
brat_1969_07_08,https://samizdat.library.utoronto.ca/content/bratskii-listok-1969-no-7-8,BRATSKII LISTOK 1969 no. 7-8: Baylor/Keston and OSA AS832 rows visible; no page-count in retrieved card.,,Toronto Samizdat,,,v120,,,,,,,
brat_1969_12,https://samizdat.library.utoronto.ca/content/bratskii-listok-1969-no-12,BRATSKII LISTOK 1969 no. 12: Baylor/Keston and OSA AS838 rows visible; no page-count in retrieved card. Separate Baylor digital item may help with asset/OCR later.,,Toronto Samizdat,,,v120,,,,,,,
brat_1970_06_07,https://samizdat.library.utoronto.ca/content/bratskii-listok-1970-no-6-7,BRATSKII LISTOK 1970 no. 6-7: Baylor/Keston and OSA AS864 rows visible; no page-count in retrieved card.,,Toronto Samizdat,,,v120,,,,,,,
brat_1970_08,https://samizdat.library.utoronto.ca/content/bratskii-listok-1970-no-8,BRATSKII LISTOK 1970 no. 8: Baylor/Keston and OSA AS869 rows visible; no page-count in retrieved card.,,Toronto Samizdat,,,v120,,,,,,,
baylor_brat_1969_12_digital,https://digitalcollections-baylor.quartexcollections.com/Documents/Detail/bratskii-listok-no.-12-1969/1039745,"Baylor digital archive has Bratskii Listok No. 12, 1969 item page; possible future route for direct asset/OCR beyond Toronto item card.",,Baylor Keston Digital Archive,,,v120,,,,,,,
v121_pravenc_voronin,https://www.pravenc.ru/text/155268.html,"Pravenc VORONIN reference article seen: N. I. Voronin, Kura baptism 20 Aug 1867, Tiflis/Molokan/Delyakov/Kalweit chain; use as reference synthesis, not quote-ready.",,Православная энциклопедия,B/reference,origin_triangulation,v121,pravenc_voronin,reference_synthesis,ВОРОНИН,reference_article,outside encyclopedia; attribution required,reference,page visual/quote-card not done
v121_pravenc_mazaev,https://www.pravenc.ru/text/2561218.html,"Pravenc MAZAEV reference article seen: D. I. Mazaev as Union founder/chairman, Baptist editor, funder, BWA 1905 representative, supporter of EKhB naming; use with attribution.",,Православная энциклопедия,B/reference,origin_leadership_triangulation,v121,pravenc_mazaev,reference_synthesis,МАЗАЕВ,reference_article,outside encyclopedia; moral episode requires separate verification,reference,page visual/quote-card not done
v121_sinichkin_kura_baptism,http://almanah.bogomysliye.com/article/view/133829,Article card and real PDF route verified for A. Sinichkin; PDF downloaded from /article/download/133829/130289/288060; page count = 14; sample visual check done for p.165 showing conclusion/bibliography; no full quote-card set.,,Богомыслие,B/academic-confessional,origin_document_control,v121,sinichkin_kura,academic_control,К вопросу о крещении первого русского баптиста,article_card,PDF/page-count/sample visual page check; full quote-card pending,academic_article,complete visual page cards and extract document chain before article quotation
v121_rushbrooke_pavlov,https://biblicalstudies.org.uk/pdf/bq/06-8_361.pdf,"PDF downloaded/page-counted: J. H. Rushbrooke, Vasili Pavlov: A Russian Baptist Pioneer, Baptist Quarterly 6.8 (Oct 1933), pp.361-367; 8 PDF pages incl. cover; sample visual check done for article p.361; not full quote-ready.",,Baptist Quarterly / Theology on the Web,B/international_baptist,pavlov_source_corridor,v121,rushbrooke_pavlov,published_secondary,Vasili Pavlov: A Russian Baptist Pioneer,pdf,PDF/page-count/sample visual page check; full quote-card pending,academic_article,visual check all article pages 361-367 before direct quotation
v121_rusbaptist_history_index,http://rusbaptist.stunda.org/03.htm,"RusBaptist/Stunda history index seen: routes to Pavlov, Prokhanov, Savinsky, History of EKhB in USSR, military question, split documents, Savin/OGPU; index is navigation not primary proof.",,Русский Баптистъ / Stunda,B/confessional_index,top_text_route_map,v121,rusbaptist_history_index,confessional_index,История — Русский Баптистъ,index,old confessional archive hub; verify each target text separately,index,convert individual texts to source cards
v121_historyofecb_pdf_target,http://rusbaptist.stunda.org/zips/historyofecb.pdf,History of Evangelical Christians-Baptists in the USSR PDF target listed on RusBaptist/Stunda history index; not locally page-checked in v121.,,ВСЕХБ / RusBaptist mirror,B/confessional_history,official_soviet_ehb_synthesis,v121,historyofecb_pdf,pdf_target,История ЕХБ в СССР,pdf_target,"target from index, not yet extracted",book_pdf,download/page-card before quotation
v121_prokhanov_kotel_rossii,http://www.rusbaptist.stunda.org/prokhanov.htm,Prokhanov In the Cauldron of Russia target listed/available through RusBaptist/Stunda; use for ВСЕХ autobiographical memory after page/text verification.,,Русский Баптистъ / Prokhanov,B/confessional_memory,prokhanov_vsekh_boundary,v121,prokhanov_kotel,memoir_target,В котле России,html_or_text_target,autobiographical/confessional memory; verify text basis,memoir,page/text proof needed
v121_sbhla_wardin_ar915,https://sbhla.org/wp-content/uploads/915.pdf,"SBHLA Wardin AR 915 finding aid seen: 1855-2012, 53 linear ft., 121 boxes, research notes/material on Russian Baptists and evangelical sectarians; request map only.",,Southern Baptist Historical Library and Archives,A2/finding_aid,foreign_archive_map,v121,wardin_ar915,archive_finding_aid,Albert Wardin Russian Baptists and Evangelical Sectarians Collection,finding_aid,no claims about unseen folder contents,archive_finding_aid,box/folder request plan needed
v121_pretoria_kargel_dissertation,https://repository.up.ac.za/server/api/core/bitstreams/6eac0460-18cf-4884-b8fe-8a4bc4174335/content,University of Pretoria dissertation text seen: early Russian evangelicals 1874-1929 and Kargel; useful multi-origin academic frame; page-specific extraction pending.,,University of Pretoria,B/academic_dissertation,multi_origin_context,v121,pretoria_kargel,academic_control,Early Russian Evangelicals / Kargel dissertation,pdf,"PDF text seen, exact page citations still pending",dissertation,extract pages before quoting
v121_rsehb_our_history_target,https://baptist.org.ru/about/our-histoty,"Search result seen for RSEHB Our History page with Kura/Voronin snippet; automated fetch returned not-found, so mark as official target requiring manual capture.",,РС ЕХБ,A2 official target / fetch failed,official_memory_route,v121,rsehb_our_history,official_target,Наша история — РС ЕХБ,webpage_target,do not use snippet as full page proof,official_page,manual browser capture needed
v122_baptist_su_history_mirror,https://baptist.su/about/our-histoty,"RSEHB/Soyuz EKhB history mirror fetched successfully: gives 20 Aug 1867 Kura/Voronin as accepted starting point and frames three origins: Caucasus, southern Ukraine, Petersburg; official baptist.org.ru URL still fetches not-found in tooling.",,Союз ЕХБ / baptist.su mirror,B+/official-memory mirror,origin_triangulation,v122,baptist_su_history,official_memory_mirror,Наша история,webpage_mirror,mirror/control for official history; verify canonical URL manually,official_memory,manual canonical capture still needed
v122_potapova_unity_article,https://cyberleninka.ru/article/n/rossiyskie-baptisty-i-evangelskie-hristiane-k-voprosu-o-proishozhdenii-i-edinstve-denominatsiy,Potapova 2014 CyberLeninka article seen: academic control for Baptist/Evangelical Christian origins and unity; Mazaev/Prokhanov section identifies 1909-1912 connecting committee attempts and different visions of evangelical awakening.,,CyberLeninka / N. V. Potapova,B/academic,mazaev_prokhanov_unity_boundary,v122,potapova_unity,academic_control,Российские баптисты и евангельские христиане,academic_article,secondary source; primary congress/periodical proof still needed,academic_article,locate 1909/1912 documents and Utrennyaya Zvezda 1920 issue
